Stem,Status,Description,LineData
100_jpg.rf.f2c516dbfe9ce6fd79343809d4d3dd7f,VALID,,
100_PNG.rf.47041b9d25900aeb647dd12e7ac9867e,VALID,,
100_PNG.rf.95e48cabb1c8729d41152b4d4c766f6e,VALID,,
100_PNG.rf.f134e876b21e5efb5dc7cdcf97d524ff,VALID,,
101_jpg.rf.d1b92710409c3cf0b2649a58f501aa67,VALID,,
101_jpg.rf.e953be5f981cbdf8e57607b346ed61d9,VALID,,
101_PNG.rf.34ae9c7fc54a14c04f9d3688ef271e57,VALID,,
101_PNG.rf.f5ea08c590587b158d5303bf9ba1d92f,VALID,,
102_jpg.rf.9e02f816c36a67b69f104c521feab9df,VALID,,
102_PNG.rf.1800f52fe11d0bccdd2b7d25c618ea33,VALID,,
102_PNG.rf.ca67828af9c8034d1901dca24d5460a4,VALID,,
102_PNG.rf.ca9b9138d738106de7a4377f194dadf8,VALID,,
103_jpg.rf.b2cd8caf3d9877167049eff0c98d9134,VALID,,
103_PNG.rf.579f13ed4ee1a79d686f221d0e0c7173,VALID,,
103_PNG.rf.c0a90c4b8e58cc4a04f23b8d91650f40,VALID,,
104_jpg.rf.aac557c510aeeeb73e9517379ec887c6,VALID,,
104_jpg.rf.c27ac6c0571c1e7540f808fc5f84c149,VALID,,
104_PNG.rf.101c29fe6753b2546eed9bf3fef8b316,VALID,,
104_PNG.rf.1d397df6d1ead6abdae32e4680ed1ae8,VALID,,
105_PNG.rf.82bf9a174e7ac3c353f760dd1b5cb426,VALID,,
105_PNG.rf.a3b81cc93ad9976d51e74b51d24a2419,VALID,,
105_PNG.rf.d0b1106521a5876cd8f4047aadf09878,VALID,,
106_jpg.rf.f7f61c8334d6063f3b932b927d7a3ec3,VALID,,
106_PNG.rf.36399d3d01381f119fb4312818e7d31d,VALID,,
107_jpg.rf.594edaff938c82ca02913794052cd9f4,VALID,,
107_jpg.rf.730ed7f6b2cfda4e8e57d12b581821ef,VALID,,
107_PNG.rf.5ed7f34e9801ea14bb9811761318f448,VALID,,
107_PNG.rf.f90199e122d60b779933b9c729823de6,VALID,,
108_jpg.rf.ee2760305e11fb1c4e91e9bb2bdc2555,VALID,,
108_jpg.rf.f9e1ff30932e89874a1a9ed6ebd14eee,VALID,,
108_PNG.rf.3a36dc4689b5120bdcab9d9e0c25d7fa,VALID,,
108_PNG.rf.e8ede1e5aff1f91beb295f21f4b898dd,VALID,,
109_jpg.rf.25d15b3bfe02d6f361196be986c12125,VALID,,
109_jpg.rf.ae07c0f371b84c7f11d3c70afaab8407,VALID,,
109_PNG.rf.7ca89fefd383211965410174f9ec2fd4,VALID,,
109_PNG.rf.7fcf72f2cfcef3cdd2ab62ad107e8aba,VALID,,
10_PNG.rf.15b81a67d39b9d00250dd2ecea934c48,VALID,,
10_PNG.rf.32e591745d709fea78155a3a90219346,VALID,,
10_PNG.rf.a1e0da12731f377a1ec929086011dfe3,VALID,,
10_PNG.rf.be476525f4c012a7e2c0cefc391d0397,VALID,,
110_jpg.rf.b3ef482a6fe80103d39b45d72bde82b3,VALID,,
110_PNG.rf.6929f60938f3ff82869cfcef80de1ca4,VALID,,
110_PNG.rf.f42177a146e3a26c87d332f1b79403a1,VALID,,
111_jpg.rf.1c022deae3128202dc2de28613f59218,VALID,,
111_jpg.rf.5c583fd957200cd6afd2e9670f607c1e,VALID,,
111_PNG.rf.fe9e554df4d96ed4bfaa600521701a1f,VALID,,
112_jpg.rf.7c6eb8872d486e56a5ddc5630907abe5,VALID,,
112_jpg.rf.e0ef4d465a0b16542a0826d74f251ab1,VALID,,
112_PNG.rf.ab8f39fe9576413891cc94d36d40e202,VALID,,
113_jpg.rf.a6f030815768a05911b124e08a547e9a,VALID,,
113_jpg.rf.db04b5a814287def23efdde5130a8ef9,VALID,,
113_PNG.rf.57c4b1a7685b4fc6012d113773adcafb,VALID,,
113_PNG.rf.c03cc0b7930f65572827d30972af4d28,VALID,,
113_PNG.rf.f600d03d4dea452bca245269829dab72,VALID,,
114_PNG.rf.57668ee079142e0f8d48994f8445a290,VALID,,
114_PNG.rf.594583189f91f8cd11f57d410ac5560d,VALID,,
114_PNG.rf.d2af86a1372461da1b7b186f9181c528,VALID,,
115_jpg.rf.14ba8260ab2b30e2c28508a49a383a3d,VALID,,
115_jpg.rf.ca2cda977d4b7f2a67bcbf541c55e450,VALID,,
115_PNG.rf.319e9abd397e6a2aad616757d0dada8e,VALID,,
116_jpg.rf.9a56f1fd4c0dcb507feccd519e1c1cfe,VALID,,
116_jpg.rf.a9b7ffead1dbab4c40ac04aba6f84be6,VALID,,
116_PNG.rf.6531b98ed7e0883d0a0e0786fdfd9b69,VALID,,
116_PNG.rf.ad25bdeea9940bb8f428ac9a3226d7e3,VALID,,
117_jpg.rf.5228fcfc6552d1416006818e2871bc68,VALID,,
117_jpg.rf.92b43dd618e3ed37dd06a270a3b5b682,VALID,,
117_PNG.rf.9b96186150e49464eba2745f6c729d8c,VALID,,
117_PNG.rf.e3184e4d907a85d22fcb86b3d553882b,VALID,,
118_jpg.rf.0f8efc3136f691d7595f107b77f08c6b,VALID,,
118_jpg.rf.33d0fa8e94b08a8709fc9e0790030c4e,VALID,,
118_PNG.rf.441576fbe67ba0e5cb33ce4a5aada61d,VALID,,
118_PNG.rf.f923c05b4fe96a08908eb2e5bddaeb9a,VALID,,
119_jpg.rf.fc7b38a84097705ef18998a84fa894e1,VALID,,
119_PNG.rf.ecf3d4c12242892186f6a3953c4d18f5,VALID,,
11_PNG.rf.0b12b65b18b6db114af77a16cd966797,VALID,,
11_PNG.rf.2248285bdcf73df2e4ff7a639d9ae747,VALID,,
11_PNG.rf.2e3e40774bdc33070c9fd0601f9a1f97,VALID,,
11_PNG.rf.41fe77435760a3d5c1d71a01d1a6f3d8,VALID,,
11_PNG.rf.6d3ed78b161f8f8dd598ca79e37409b3,VALID,,
120_jpg.rf.4070d404fbf6a931922425660b3a590e,VALID,,
120_PNG.rf.54a09b3c99cd8e4c479d29801d6f6ebd,VALID,,
120_PNG.rf.c84502afebf8272a1bd399fef50543da,VALID,,
120_PNG.rf.d305cd3be7a81ddc1d00a2eeb4be3a72,VALID,,
121_jpg.rf.353b7ac77804b2e6904552c260c4255b,VALID,,
121_jpg.rf.8f704bbdc4d8e60e241f1d38506bbc1f,VALID,,
121_PNG.rf.5d8576a0879c440bb2c67a33ffc9f2a0,VALID,,
121_PNG.rf.e18668ee4356a59c90682b35aa20d392,VALID,,
121_PNG.rf.f81e51a4107cd8ff3ce7b0ae349d9ac5,VALID,,
122_jpg.rf.92612dcc48b9edd10d0c7f427f797d39,VALID,,
122_PNG.rf.27ee1445f9b1a1c8b8d5d92d6ebe41cb,VALID,,
122_PNG.rf.be22c64885cc355aa57c0c7dbb23c088,VALID,,
123_jpg.rf.71f3faa74c035a4cf7e4294527bf5fe8,VALID,,
123_jpg.rf.ffdd6bbbc8ab699121431a890ed51fef,VALID,,
123_PNG.rf.23cd314c7ca1909330c421d9f31f4e73,VALID,,
123_PNG.rf.d9d591c40a05401248b9fece3d1b9fb7,VALID,,
124_jpg.rf.eaa11122e8aacc73c46218dbdbc5f847,VALID,,
124_PNG.rf.43fa69bb64192be8594766e0aec0a936,VALID,,
125_jpg.rf.492d7c69c45f1cb63ad21d7e9a9892ee,VALID,,
125_jpg.rf.b10680617c104c651b2be6fcc01e4ed4,VALID,,
125_PNG.rf.5393e3ba10015d1920207001ddddf3dd,VALID,,
125_PNG.rf.df89a516726d2a870d2fc426f2d5df06,VALID,,
125_PNG.rf.e8031fb290877dcf5d1ed1940ac5655b,VALID,,
126_jpg.rf.fbfe16c181b48b4af2094a65e3bbf39e,VALID,,
126_PNG.rf.7bea6b4e5e6f02c3ad753a1b22effd53,VALID,,
126_PNG.rf.fc495fd45ed213820ee49bd25876d5d5,VALID,,
127_jpg.rf.e3a70b85f4c634ba5635adea511b610d,VALID,,
127_jpg.rf.f2fe45a41dce7a87246342aa5d302d08,VALID,,
127_PNG.rf.611d7d1ba6fe88c75c64daec1fcc563c,VALID,,
128_PNG.rf.452c619160f495fdcc074f074c700a2b,VALID,,
128_PNG.rf.9246cc81bbf92bd6e68ad94b66cfe44c,VALID,,
129_jpg.rf.44b2f44273d9771252f112ef3e216284,VALID,,
129_PNG.rf.e2315e559ba10bc32f9faf6648a20485,VALID,,
12_PNG.rf.73b3e6bcbaed30824295503fed0c8076,VALID,,
12_PNG.rf.a8c87e0309ba1b58be7c1ae8b1de7782,VALID,,
12_PNG.rf.af2e05bdf4cceeef461da1fe54a65b95,VALID,,
12_PNG.rf.b9a426d309557bc87bec304f7df693fa,VALID,,
130_jpg.rf.4b0c8c8e89b6e5a438911aeb9ee90c5f,VALID,,
130_jpg.rf.6d4af915cd560f08c4f13ed7cef41f0f,VALID,,
130_PNG.rf.997de4784a48892adadf9a196bf05e4a,VALID,,
130_PNG.rf.c4566105efdaedc06c0c9e3ea0de2f4a,VALID,,
131_jpg.rf.579b8fc51a7038024c2dfed5c7a25f4c,VALID,,
131_PNG.rf.c7ee750ac8b2c31be789131c141d5563,VALID,,
131_PNG.rf.d77bae62a89196703ea214dc429f4f1b,VALID,,
133_jpg.rf.d40d7035cfef9c55162b4efb6fb8543a,VALID,,
133_PNG.rf.9170512df614186f68a8ee93cd7eecdb,VALID,,
133_PNG.rf.b78b1b601f61ff414d82a1859f090379,VALID,,
134_jpg.rf.c62bc6ce53af8139fb968718ce6c4fa4,VALID,,
134_PNG.rf.71e28ccd7ca934ae40987cab49e5e937,VALID,,
134_PNG.rf.f3f1e0deecb7cf3849c1532e4fb1a8dc,VALID,,
135_jpg.rf.272386c1171dcfcdfa39c5e8c6a3b5d8,VALID,,
135_PNG.rf.7ab4c9c043e03d23237fc3b477a78f0b,VALID,,
137_jpg.rf.4e04e95be6825b20b02d4687fa66b45e,VALID,,
137_PNG.rf.083bb401260e71da30b4f0b5e30c9957,VALID,,
137_PNG.rf.f89805857494efee983ae9e4cb6b12d7,VALID,,
138_jpg.rf.c9c07c679484e09e926677b25833f5a1,VALID,,
138_PNG.rf.3cfb3a56fe93157f54afc06e5ad8595a,VALID,,
138_PNG.rf.706423cbf412db3b70335a4ca7e988bb,VALID,,
139_jpg.rf.63ab8f9258993d56cd9e7753e7bd0c57,VALID,,
139_jpg.rf.f421598195ad697ca9a0b9c3c3fbc290,VALID,,
139_PNG.rf.048d4fb5fe12a4940a012403cdad05aa,VALID,,
139_PNG.rf.ec92f773992e37bd6b0149329a5129dd,VALID,,
13_PNG.rf.031713a16f19eb8dc77aa3310f9779f0,VALID,,
13_PNG.rf.0813ea85cdec5da03b022fceac0de837,VALID,,
13_PNG.rf.9a9db85491c0fb4a75bb0341a66ecd70,VALID,,
140_PNG.rf.b716ca0734d867d73f578125b254bcaf,VALID,,
140_PNG.rf.eec448f756d53f837b53d889dae350c0,VALID,,
141_jpg.rf.a336f554d72118b97d93f1a82ce72463,VALID,,
141_PNG.rf.53944d8811ad8f79f6ad40c898c07a01,VALID,,
141_PNG.rf.a4f3b62e8481cee204eb94e926f7a241,VALID,,
142_jpg.rf.611455a07b5964b644f5aead03f8f5d5,VALID,,
142_jpg.rf.b939f574302b6858e850c378ece06205,VALID,,
142_PNG.rf.0c4d9efb8fad5d061be2908ffcf4b837,VALID,,
142_PNG.rf.d2d0ca6368a8a7fc49ff8fdff88420bd,VALID,,
143_jpg.rf.60970bb7cf1320ca0375622adc72128c,VALID,,
144_jpg.rf.a21c4bb5b89790bee27dfa9937d43c7c,VALID,,
144_jpg.rf.dc42eb5f6ae50cae8beec5a417e13f19,VALID,,
144_PNG.rf.2d2d8c92006d4dd6ffab1cb267ea4670,VALID,,
145_jpg.rf.8684551850206e3323b16628f3105799,VALID,,
145_jpg.rf.c8c19001792f1cea33a5d2ed497d7109,VALID,,
145_PNG.rf.cdbb5ea3d473a7e37933eeababbce833,VALID,,
146_jpg.rf.4097e2eadbaf04140049e07463a87960,VALID,,
146_PNG.rf.b53bf952cdf76c671727e1c9be668689,VALID,,
147_jpg.rf.3a3967d4dedf1b11451097ca275f9873,VALID,,
147_PNG.rf.76ee51ed94e2e34edb2818c9f65f5655,VALID,,
147_PNG.rf.7a799d789c16c485d39704d175a0da6f,VALID,,
148_jpg.rf.4eab5b6f6a275b5333b0ca199c88474f,VALID,,
148_jpg.rf.7f04b1dc9bc20d4eed7fdece3c952f8f,VALID,,
148_PNG.rf.514e0c4d8104f7a6109e8e5886cf496d,VALID,,
148_PNG.rf.644aa6b8b11362a8632edef9be4f803c,VALID,,
149_jpg.rf.2761299fff42f5406e4ed4c14cfbae68,VALID,,
149_jpg.rf.cf5d6fb143a2f25dd4713ee62e706d37,VALID,,
149_PNG.rf.26f303fe89d55a02cd7fc5099a86bbd2,VALID,,
149_PNG.rf.4843f52077a6722ed0f7c04f77d4877c,VALID,,
14_PNG.rf.0b0675388ac29d7101c5cdaae96945d0,VALID,,
14_PNG.rf.15281a9f05402f9733807d19d2a86185,VALID,,
14_PNG.rf.2c6ec3578b72f9bcc44e12fc74e41ffa,VALID,,
14_PNG.rf.525611f7be8e10c6a8848f8930a6d413,VALID,,
14_PNG.rf.729127e0ceb22cde755d08d9b965e6c2,VALID,,
150_jpg.rf.c95e188c657cd3e306b9acf4d8c46f38,VALID,,
150_PNG.rf.5228b2c4d78cf47757b1a22b1369ee20,VALID,,
151_jpg.rf.913d3e95b9d13adbdcd93b9c3619dc1b,VALID,,
151_PNG.rf.aa829935a080ebf29698b040bd081390,VALID,,
151_PNG.rf.f2cfca727165a55a58fa7e963305389d,VALID,,
152_jpg.rf.384ef883f694504cf333e7b0ea659f66,VALID,,
152_PNG.rf.3cba94b6ad5ba308e78cba5943588f7f,VALID,,
152_PNG.rf.722be13fcefcad2bbed2563906491859,VALID,,
152_PNG.rf.e1c04ad1cacdc5c47fe8501845452f40,VALID,,
153_jpg.rf.429ff94ed25121f0eea11bbf38a6a770,VALID,,
153_jpg.rf.8abbb9f44b1abfc829ab0f8192823876,VALID,,
153_PNG.rf.c6bd5faba4cb1e14fa0fe8f58e0059c8,VALID,,
153_PNG.rf.ef5224f2cf33fd80d300e3177889f46d,VALID,,
154_jpg.rf.3c1582ddf9f78d21923a918be7997819,VALID,,
154_PNG.rf.723886409a657128a54a70d01d8280fc,VALID,,
154_PNG.rf.81f06f97fd2be66b740928befe1bb150,VALID,,
155_jpg.rf.29597a6426415d06e68c38079e4a0692,VALID,,
155_PNG.rf.0cfe0efc4f6227b83850ccfdc031267c,VALID,,
155_PNG.rf.490e2cdb492e0934f4fe94beb4237539,VALID,,
155_PNG.rf.bcedfdb4968cc9eb961f473a824a2c59,VALID,,
156_jpg.rf.574573ecfcc4123f8283bf7c6ed4c7e9,VALID,,
157_jpg.rf.320b5beb1fe432f5baf384032e7fc125,VALID,,
157_PNG.rf.0393df42bac98ccbbb0f5c2c838057f4,VALID,,
157_PNG.rf.149c13224a311a433328ed1f4a35aeab,VALID,,
158_jpg.rf.044c525a20c8b6949bad932f287608c4,VALID,,
158_PNG.rf.4196061b5cbc18f907dee7f4653415e8,VALID,,
158_PNG.rf.74d3971db1d23739302bfd23781b8c8d,VALID,,
158_PNG.rf.c9eb237257d0993cb2a5aab5b39855d5,VALID,,
159_jpg.rf.8fb65bcac5aa32c317f304ca119c77fa,VALID,,
159_jpg.rf.d1c5ce47aa8e21a60ffe42f7df7323c4,VALID,,
15_PNG.rf.1e015068ea364ef182cb6fc917f9f7d1,VALID,,
15_PNG.rf.47bac6989cb4595453e15e077f5c6148,VALID,,
15_PNG.rf.b56861f87716a9598d7a0868288f99d0,VALID,,
15_PNG.rf.cf729bebcafb99fbc425d2c655ea55e6,VALID,,
160_jpg.rf.65c2b8bef785cc8c348bc914fbbd74ee,VALID,,
160_PNG.rf.d96163456c4046617dcb978d13fabc7a,VALID,,
160_PNG.rf.dddacd8113eea2b1dd86ad46bc13107a,VALID,,
160_PNG.rf.fe6618be380d27a6ee0738cbc17b6796,VALID,,
161_jpg.rf.a50adaf51cbda2e5ba66709f471563a7,VALID,,
161_PNG.rf.f4ddf7387f2dbc86cf3b8c96c39e19f9,VALID,,
162_jpg.rf.49906633040b6c1487e62e047acf6e5f,VALID,,
162_jpg.rf.d259b58bda7165f286fa8fb115523880,VALID,,
162_PNG.rf.9ca5f673a0ebcae33e5f5cc895fcb60c,VALID,,
162_PNG.rf.d200d77098a79033094c99603522ac44,VALID,,
162_PNG.rf.f86d047594ffb55b0c2b701b347ff295,VALID,,
163_jpg.rf.a83ccc44fd8a02cc2ba8baefdfeb4d9d,VALID,,
163_PNG.rf.12140ece2ea89bc50476fdbccd0ca7b0,VALID,,
163_PNG.rf.9b5b1d2a91fda969db4fde2abf21a3b5,VALID,,
163_PNG.rf.e68c1b001d39d3e26338d4234bd34cd8,VALID,,
164_PNG.rf.87144ec5316661e70539215e3d012a2e,VALID,,
164_PNG.rf.fb20925957cfabdae0daaa3ef17a1c8d,VALID,,
165_jpg.rf.89b1a3eb53f43ceb0dcf6782c951a877,VALID,,
165_PNG.rf.96b398d6a7fd02eb81a6c901c209d764,VALID,,
165_PNG.rf.e719fdbeffd83771eb12b56770dddda9,VALID,,
166_PNG.rf.384317e8398086c63fed1b4011dac486,VALID,,
167_jpg.rf.4c3d5bb2e5b006bdbe805f07f81be12f,VALID,,
167_PNG.rf.b794f97d10545985c2c48ffedcdeab27,VALID,,
167_PNG.rf.bfa86817b8518591d81649dc0ab118d3,VALID,,
167_PNG.rf.d2117d654fb6ae0f93a3046a3dd31007,VALID,,
168_PNG.rf.a55dea68745460ee9a7c737e9504cde8,VALID,,
169_PNG.rf.07c0dd854ac2b4929529d880c6f2b3e5,VALID,,
169_PNG.rf.8402c5edadb42a866c56f8f402f15972,VALID,,
169_PNG.rf.e90a2b9c5c8f36d8044f465f91ca0c04,VALID,,
16_PNG.rf.1d303a96344ad5960fe8aba164119e3f,VALID,,
16_PNG.rf.8eb0432baed99d70c2f7b34ec8e241ad,VALID,,
16_PNG.rf.9bd8efead030bbb4d0b84774dfc9c2b8,VALID,,
16_PNG.rf.a94933f34c989e6a7b0344ac7bd485b4,VALID,,
170_jpg.rf.6d4f0891e673b9d47f3f9cb13940b4ba,VALID,,
170_jpg.rf.ee450b2bae82e997751b04464602fd14,VALID,,
170_PNG.rf.c701ddc53883c8318ee05cf921618fd7,VALID,,
171_PNG.rf.149bc4274da4a87f160fa67af591e3ed,VALID,,
171_PNG.rf.ca7cfc2729f15dc1bde5983762c5c3e8,VALID,,
172_jpg.rf.27329b60b6ba05a3f001f096825b2829,VALID,,
172_jpg.rf.7c2da91ffccc7422669049205e5f63b9,VALID,,
172_PNG.rf.e961949f11d583334976a701c2eb2ca4,VALID,,
173_jpg.rf.20b6dec59528559584232542e5736094,VALID,,
173_PNG.rf.b3b4bcf96ea4a01332376ce6e582cd58,VALID,,
173_PNG.rf.b92267429bc9dbe553469b85b1769ef3,VALID,,
174_jpg.rf.444a13bcc2e6fea9b2f05efcce6935b3,VALID,,
174_jpg.rf.baa7a7f70a30b513828ac7888f6bf966,VALID,,
174_PNG.rf.73fd31e4d3d735b4f13dbaba5043bece,VALID,,
175_PNG.rf.0d50b0c9fe89569a91eceb87f6fcfac5,VALID,,
175_PNG.rf.d93e9311db3ce7747d5ab5f688a96f59,VALID,,
176_jpg.rf.3613842abc69f582231c3fe9ca717653,VALID,,
176_jpg.rf.8ae276f088a35c52abcf62c46072da99,VALID,,
176_PNG.rf.1a58cbbf88cc5ac9992e29630a65a7bc,VALID,,
176_PNG.rf.597a42d0b3690795100558e9b466c0ff,VALID,,
176_PNG.rf.d0c65ef1d28b5fe1f4586592cc61bfde,VALID,,
177_jpg.rf.bf5c7651f2b5ea8dbb11eaafe838c8cc,VALID,,
177_PNG.rf.55a3e0e7aa177fe7cbeefe8ad21241b6,VALID,,
177_PNG.rf.f72d9264f657206e230f202a2c84b613,VALID,,
178_PNG.rf.887bc8d69ea4280aff6aa532867730d0,VALID,,
178_PNG.rf.b095d48c5644b40e405357fc0d816432,VALID,,
179_jpg.rf.118e860538081fe2ca840f1496e10075,VALID,,
179_PNG.rf.0259816dd06e6f896e0d5ce560e08ba6,VALID,,
179_PNG.rf.64d4963295ca61226aa475e6dfb25052,VALID,,
179_PNG.rf.831b55f3ee11757aa85870d68b786945,VALID,,
17_PNG.rf.41723a6c5fda57d5804a5fe55d82fc49,VALID,,
17_PNG.rf.501520268795d6664fe6399ea78ade70,VALID,,
17_PNG.rf.61b5b0845acd77e4baaa7b3ff41aa044,VALID,,
17_PNG.rf.7397e6a9d7c5e45558e0023b496dd134,VALID,,
17_PNG.rf.f54acb5f3741bfd51db02a641dca8293,VALID,,
180_jpg.rf.0d4e2b9987020b06685469605772d710,VALID,,
180_jpg.rf.e0eda63b9fc95e48130933eeac6249a5,VALID,,
180_PNG.rf.0ae657e5983fe2b3e2be99eaa19f085b,VALID,,
180_PNG.rf.a346d831cff238a41146141747c51597,VALID,,
181_jpg.rf.7c0ccfd193f9a3f303203bc88f4c2066,VALID,,
181_jpg.rf.a305bbf5393053f5c97439db205c7cdb,VALID,,
181_PNG.rf.0cf653c21af905a1a41a3193f3297a46,VALID,,
181_PNG.rf.df3ade41cba30fffdf885803a5412728,VALID,,
182_jpg.rf.1541a105027265212c1f6ed494e83554,VALID,,
182_PNG.rf.59b3dd81caa70ccd946b0e99d51d15f3,VALID,,
182_PNG.rf.6b1806b8c1ec5552a5c0688c8c6b9e50,VALID,,
182_PNG.rf.edcfcaf48ee286289e7a40e942335fbb,VALID,,
183_jpg.rf.7bbb65255e22b0d64c73d40b8623b29a,VALID,,
183_PNG.rf.bfc4976e8a7141d930e7114fcd92659f,VALID,,
184_jpg.rf.8cc6208846d80d288869e518f26de102,VALID,,
184_PNG.rf.2abfafe97f659fde0a6ac5a3dd023c0d,VALID,,
185_jpg.rf.1cd46a1d3fc2e7be831e7cb73741e95f,VALID,,
185_PNG.rf.c23396c1f24d80007ff7cb8de500823e,VALID,,
186_PNG.rf.a6a994b463c900ec493f7bdaad052767,VALID,,
187_PNG.rf.7ce85fb9430e66b0c8ffe652ac529cb2,VALID,,
188_jpg.rf.5cd0996284e955232f8d6ae84bb00be3,VALID,,
188_jpg.rf.d09a5c35809f29e02a250bab9af70fa0,VALID,,
188_PNG.rf.2f10a6bc3ef34404319fd5b2f6b90ab0,VALID,,
188_PNG.rf.b76977e3f0c02728485d298168e9ad01,VALID,,
189_jpg.rf.3f44e523a307e0ae1c803d87fe7e44cc,VALID,,
189_jpg.rf.f4713b3969646ecb58abb48cdfe5e476,VALID,,
18_PNG.rf.00d0c252ef49211552253d0905c7a894,VALID,,
18_PNG.rf.3fbec6c56abef1e7a58448b932b8840e,VALID,,
18_PNG.rf.4880221760e2b6cf441120ef30a5c46f,VALID,,
18_PNG.rf.537fa1ece46942120d2fe79d8a07ebb3,VALID,,
190_jpg.rf.3a64ba6457aa26b2b0793f4a74f23259,VALID,,
190_jpg.rf.7c307400e01cdf4f6b2e503fde03a1bd,VALID,,
190_PNG.rf.0cafc3dcfc6460bf22605aca4e4ae247,VALID,,
190_PNG.rf.fe96b6b9b301dbf7196fed0af78ecce9,VALID,,
191_jpg.rf.14c057862634f76c1fc9143395d45c05,VALID,,
191_PNG.rf.2646a80f08d9d135a9e70abad4d05a96,VALID,,
191_PNG.rf.c6926206a1f985ef2598043668855e9c,VALID,,
192_jpg.rf.171caec1b719f76d436f65d80bbf6639,VALID,,
192_PNG.rf.28bccc284b04f91718f955e8d834b280,VALID,,
192_PNG.rf.6bdf62e91c3b669d8c3fe40d7891e54d,VALID,,
193_PNG.rf.6daf3f97e8bbc4cee3db61713f03146b,VALID,,
194_jpg.rf.6e48015ee71d26a8a4eeddfc33361ba4,VALID,,
194_PNG.rf.b5012a8eb5ff1d10396f85cf47d4b127,VALID,,
195_jpg.rf.02bcb7107007c77a3be28ed866a2ce0d,VALID,,
195_jpg.rf.9c64370182f2c510c4c8b0f609e02544,VALID,,
195_PNG.rf.d8117d5e7b27f6b524dc5ed14ed6d774,VALID,,
196_jpg.rf.98d091ff7c737a1e0cd3488633b1a1ae,VALID,,
196_jpg.rf.b72647d625ca73338d04a0ca43e52f1c,VALID,,
196_jpg.rf.c2cbf9b68339333f45d652ed7714495b,VALID,,
196_PNG.rf.8cf6d84b425aad7e169fdfe9f1d3e29b,VALID,,
197_jpg.rf.ee5914298c29c6e83da2bf55629f509e,VALID,,
197_jpg.rf.feb5e8b0397574e620b51bc37ddaffe8,VALID,,
197_PNG.rf.3cffa8a81fb7ff650c29d3c877a4bd50,VALID,,
197_PNG.rf.e31632b4e69a39dd126faea9a54654a7,VALID,,
198_jpg.rf.348f081ae3713ffcbc1dc15f9f03f352,VALID,,
198_jpg.rf.6bb758038d7ec71029c40cf195490e93,VALID,,
198_PNG.rf.3b77dee597cf383f62da6189b80572f0,VALID,,
199_jpg.rf.933616f3c21e0f4a48eb7ed45bfcf984,VALID,,
199_jpg.rf.e8d5c49f1bcbb797f1a319649cd90348,VALID,,
199_PNG.rf.40268ee7d45e02340cfd3d849c9f1da5,VALID,,
199_PNG.rf.79b9d058348e19f31d88a00536e62c63,VALID,,
19_PNG.rf.0e09326f817885e799f407817157ba7d,VALID,,
19_PNG.rf.2f83c37311e6d9c80f19923ca0fe0594,VALID,,
19_PNG.rf.72fa29d334a8b2cee53751065f60d036,VALID,,
19_PNG.rf.92473207b0d68ad7bd484d53c4d0d3d7,VALID,,
1_PNG.rf.3089a6bda34305ae643eda6a541709fd,VALID,,
1_PNG.rf.400dc29873fc661ad0e4679e55923c64,VALID,,
1_PNG.rf.db69e6acb80b1aa2869d26e5fc4a99d3,VALID,,
200_jpg.rf.1047ba4c8c828aacdeab57667c053ee7,VALID,,
200_PNG.rf.8478f7513eb350d17be20e595d2aa464,VALID,,
201_jpg.rf.dd039d9ee915fa937f97bf5af44b38b2,VALID,,
201_jpg.rf.e2f0fb06b8cbb5c1a78ae9ea53c2bde8,VALID,,
201_PNG.rf.948a491c2433d55d3c6bb356bae1eb54,VALID,,
201_PNG.rf.cb81e21edc71ea69cb94f14d7e6b2f67,VALID,,
202_jpg.rf.456915ef85763e827d2430c5a74d1e23,VALID,,
202_jpg.rf.4b5788e9093e8ede581626ebf17049b3,VALID,,
202_jpg.rf.92dd657ec052f1d35757118864a3bea8,VALID,,
202_jpg.rf.feb373e62ff99bbb5becea3e19e6a5a5,VALID,,
202_PNG.rf.bbb011d654e55721139659e80da56275,VALID,,
203_jpg.rf.665e460b19c0a9396e02dce5ac3b70e4,VALID,,
203_jpg.rf.c888b9fe69cf360833ea01fe462d7ccf,VALID,,
203_PNG.rf.6cd051039bd839dac9cf423b9dc0e93e,VALID,,
204_jpg.rf.2f53e0851de19165d54c4bd485422ff1,VALID,,
204_jpg.rf.e5a1f7e6889f9ebd6b6ee04a1b238922,VALID,,
204_PNG.rf.4932978d34aa5ffe4635123e2cd9043f,VALID,,
205_jpg.rf.048dca0b7615273072115eb3424a7ed9,VALID,,
205_jpg.rf.91af9ef8bdcfc078ec4f9ca1c62017ae,VALID,,
206_jpg.rf.26a3fa1dc56506c07916c74be9bb0251,VALID,,
206_jpg.rf.b7bb5722e5737fc1bd62b30c2905342c,VALID,,
206_PNG.rf.3795b5bb5befd7f895fd7c6b69e1c2b3,VALID,,
207_jpg.rf.533bb908119928d0ca638d96b4dc4327,VALID,,
207_jpg.rf.67a8a0640dd1c49b7b3bf0f181201501,VALID,,
207_jpg.rf.7e3dd6fe31b27acb8f3bf98eeecf506a,VALID,,
207_jpg.rf.c7a82f5f97b6f15ad0485818e705bd72,VALID,,
208_jpg.rf.38c038e1f78c240ba98a7898af7f6bb7,VALID,,
208_jpg.rf.c0247e410933efd2a1eadff6721a7085,VALID,,
209_jpg.rf.ee15c53fab5e7a247754cfb0a37e584a,VALID,,
20_PNG.rf.175eacb92e2915b89635d35eab663d77,VALID,,
20_PNG.rf.872252bc73601ca9a4ec752bf3731380,VALID,,
20_PNG.rf.b05dfdfe5918b969c79780b28ff621d2,VALID,,
20_PNG.rf.fd6bb0ed2eec78e41d022f494bb0fe17,VALID,,
210_jpg.rf.b02f6fa7161f77a2f74d997a1d81c3d1,VALID,,
210_jpg.rf.e984c5ee5a3141b3e2fe412639be167a,VALID,,
211_jpg.rf.afe38949efd6b764b44b9201e32b00d0,VALID,,
211_jpg.rf.d3614cf450c827d195c7a4fc99cc6590,VALID,,
211_jpg.rf.f6fab9e73a6934ce4b663b649be5e18e,VALID,,
212_jpg.rf.43be7ed7263b46fe3e8c08c76bbedd89,VALID,,
212_jpg.rf.6174cab586d3e61289de08b21bdecd97,VALID,,
212_jpg.rf.7cd30d9c77e208db7959e797fb37639a,VALID,,
212_jpg.rf.7f87578591084c886d598913e2e39989,VALID,,
212_jpg.rf.cfa0ee28afa3934ae5b79281e36c57ce,VALID,,
213_jpg.rf.24933ce928aa4e40f76b487ebfd4d214,VALID,,
214_jpg.rf.50e22ed80e2fd1ba2ad2aa3942a64de4,VALID,,
215_jpg.rf.83fca6d69ccb8bfde5a040e73d0371ba,VALID,,
215_jpg.rf.c5ed50cea952b2bb5cbbffe3df038b44,VALID,,
215_jpg.rf.e7c3c753a79ce09eb221d72a9a1765f0,VALID,,
216_jpg.rf.3cc4fd52ac38603afd422584883322a2,VALID,,
216_jpg.rf.9e48123f8d1a197968bb15c43c66ecdf,VALID,,
217_jpg.rf.0df99f76b8e642d59cfe37059ada7f46,VALID,,
217_jpg.rf.532c299d0bbe13b8c452f4ccc21a6a5a,VALID,,
217_jpg.rf.9b9f0c28ba617a2c7416ffa1fd01e4f2,VALID,,
217_jpg.rf.e22b2114142c51dcf738a7c4fe702277,VALID,,
218_jpg.rf.26a7642acd214bd72d7bbc49ff449ee8,VALID,,
218_jpg.rf.8cf6c3c50d2c887e8ffc17cac892478e,VALID,,
218_jpg.rf.98f667db3e7d0a4a44353a317250930f,VALID,,
219_jpg.rf.60751c2d1e991a6f2b4b0f079dc4e65c,VALID,,
219_jpg.rf.af8d4a46be280bd426a0a4152ca503ed,VALID,,
219_jpg.rf.b0f3b6befe096d7598905ea2e991e672,VALID,,
219_jpg.rf.b54c3f964a50cf63e7e5e035b7c0a80d,VALID,,
21_PNG.rf.1a4b81f264c85757f605b1f0a1bca033,VALID,,
21_PNG.rf.76e584d2e2745b879304af287be3d4b2,VALID,,
21_PNG.rf.9f19fa24aadad288053123973d76baf0,VALID,,
21_PNG.rf.b9b1a993f66adb2170140589276af8f1,VALID,,
220_jpg.rf.c316d8c7ab8fb1a068b08642314cae4b,VALID,,
220_jpg.rf.ef3690c905cea3a8331351fdb4553161,VALID,,
221_jpg.rf.03ac3fd980d2474c6cdbc17759b46b63,VALID,,
221_jpg.rf.6d9b0d68aa68d8e644c3d0384dcf933d,VALID,,
221_jpg.rf.91d5e84d2026f6e876d971c878ccd302,VALID,,
221_jpg.rf.d5295df756047ffd0c58401bc98a5c20,VALID,,
222_jpg.rf.20aa0757ec434fab67d05dffa12c6b09,VALID,,
222_jpg.rf.561ac9d9c5778f60f0baf64d03a60a66,VALID,,
222_jpg.rf.f5dbe8fd070101418b2d4b2b823f3da2,VALID,,
223_jpg.rf.8a7628e664aab8acbd57569332b38a43,VALID,,
223_jpg.rf.b3d4c3cb9cccb20f99fbc8e3b6056f4b,VALID,,
224_jpg.rf.42c498b44263659c8472b86062e27f63,VALID,,
225_jpg.rf.405dfe60b1fee56aac9431247549a8c6,VALID,,
225_jpg.rf.a7497572aaff9b5a2663413bc2bac043,VALID,,
225_jpg.rf.d1da8dc72895e210255bacd94594191c,VALID,,
226_jpg.rf.55227cc1f7f28cfd1de99d5a8bdd9d76,VALID,,
226_jpg.rf.85109c2f51d4da7c02f2fe846e05c1b6,VALID,,
227_jpg.rf.0ceee0f1fdd332f8ee06754ecf65878a,VALID,,
227_jpg.rf.165d6916a19f02f0ee0b7eef7d6ebc8c,VALID,,
227_jpg.rf.666c20bebd6436362b019b4171250f2a,VALID,,
228_jpg.rf.a85c63a5a8f796ee471f03311bb03ac8,VALID,,
229_jpg.rf.4ca7b6c4f790fea235dd8f48d4706c04,VALID,,
229_jpg.rf.99bbfcb616be29b323dde9096181f333,VALID,,
229_jpg.rf.c657fe0b674a3aa6f785acd658c12d51,VALID,,
22_PNG.rf.13b3fb7acc773356eee8ec4edde4a608,VALID,,
22_PNG.rf.567024eb77f934b1df318585a8e16f9e,VALID,,
22_PNG.rf.69ce0b431d6e26ac2bbdf5ba92e270b8,VALID,,
22_PNG.rf.85cab04a4f4a164ea03d7bab48002ae8,VALID,,
22_PNG.rf.f1b637f1d2efa7f83f739223b81f76f8,VALID,,
230_jpg.rf.23d09b465b7bec833cf730a556ed5f73,VALID,,
230_jpg.rf.65819295c78e529ac32e16dc399c0fda,VALID,,
231_jpg.rf.28de7e326ed70cbae646a871b1ce2876,VALID,,
231_jpg.rf.a28ede51698ff55e07ed175ad9ea0f87,VALID,,
231_jpg.rf.caea3d6cc7fc2d89b055aeac98468052,VALID,,
232_jpg.rf.05b29290e1c605c1f4960eee61fccb3e,VALID,,
232_jpg.rf.76e0a6e4ce73a95e5d0b45d565f30a8b,VALID,,
232_jpg.rf.955a4b9f33d64e0d01aad35a579e8efc,VALID,,
233_jpg.rf.4ad2e0e3a70b8e3c86e1c167473e2092,VALID,,
233_jpg.rf.968e8973c3c92eaab95cdbd53c4993ab,VALID,,
233_jpg.rf.dc9758cdb0f56b8df55474563e090eec,VALID,,
234_jpg.rf.7fccefe2f10fb9558c0227762f6a3578,VALID,,
234_jpg.rf.e796c4076b87e60fa27dcde3a3f1ca4c,VALID,,
234_jpg.rf.ed4901e643cff3a16da2b875a892aebf,VALID,,
235_jpg.rf.6f2b4e3ef8266d3fbf21160f21150d4c,VALID,,
235_jpg.rf.fb76b560c80aa1c0c49aa7c5b3f740a6,VALID,,
236_jpg.rf.1f473d332220cbff49d5a376b974b8ef,VALID,,
236_jpg.rf.4c8cd9734e4ceb6e009c51e4de74a0bf,VALID,,
236_jpg.rf.8ea479f9af4d621b7c3b648d323df558,VALID,,
236_jpg.rf.f46698345f30f4095c31bf0117509674,VALID,,
237_jpg.rf.97156f9f46292345bc175f392b64220e,VALID,,
237_jpg.rf.d9e10be13365bc371a2dd0a0cc6b97dd,VALID,,
238_jpg.rf.825543a5dc6ada756fb579010822b82c,VALID,,
238_jpg.rf.9e12b0fdc7dc27120272922a9c10f7d0,VALID,,
238_jpg.rf.b129a0c71b38e41d1552fd054e146362,VALID,,
239_jpg.rf.5d7ab46c464e5cf61d2f71ba03ffe642,VALID,,
239_jpg.rf.8c3c868fb805a4cbc88e2d5bf57c8fb4,VALID,,
239_jpg.rf.93b43109e2a1f8dbf2bc34276ec0fe26,VALID,,
23_PNG.rf.3312b7f72899d0f8efcdff586c241100,VALID,,
23_PNG.rf.6700baa86cad4ef267cf509ee1da52fb,VALID,,
23_PNG.rf.671c8c57be5daa92d02b1b67d408d500,VALID,,
23_PNG.rf.f16597cdd19cca56178491e21a2d1d8a,VALID,,
240_jpg.rf.2c673cdabde70a127fa9de57caae88f7,VALID,,
240_jpg.rf.720615d783db856c50bec418aad29f34,VALID,,
240_jpg.rf.b5d9c2a61435738bfb9d1e80bfa92ae9,VALID,,
240_jpg.rf.fc01e150d22fb1015a257784802555c1,VALID,,
241_jpg.rf.563d3ac377515e1a12d92924fc9cd140,VALID,,
241_jpg.rf.670f5a22cad8bb29c423acb6fe5c798d,VALID,,
241_jpg.rf.77cd472c87cbc660e612e64fee58c009,VALID,,
241_jpg.rf.8907ae111db56ac388ca2bf9f5398ee2,VALID,,
242_jpg.rf.42e07db500d559954d4c4bcec08fe94e,VALID,,
242_jpg.rf.6360873cb5a7f3d23b3d5e54b1148335,VALID,,
243_jpg.rf.79d74129850920228e03f6511b67d117,VALID,,
243_jpg.rf.9f8b4ca9298dc42743899b0284ac41e8,VALID,,
243_jpg.rf.c51644e5c23db274f10a675470c756cf,MALFORMED,Invalid part count,2 0.149614103125 0.11656315625 0 0.2204890765625 0.003534459375 0.706018134375 0.1707144203125 0.8229346874999999 0.427165396875 0.8619069375 0.8183343125 0.8213108703125 0.9351979781249999 0.6816604953125001 0.9936296875 0.5679913890625 0.9725294906249999 0.269204321875 0.7177014734375 0.1474161609375 0.509943834375 0.004517990625 0.261608396875 0 0.149614103125 0.11656315625
244_jpg.rf.6015ea7f55ed7ab89deb8bca3fed51e0,VALID,,
244_jpg.rf.e63a713d07e335555ccf42c59ce73d22,MALFORMED,Invalid part count,2 0.2116955453125 0.872831103125 0.463277146875 0.9946192984375 0.755436553125 0.923170321875 0.9680634421875001 0.744547696875 0.9794251421875 0.3223484953125 0.8430842406249999 0.127487384375 0.42269946875000003 0.0560383296875 0.0734577546875 0.3271103921875 0.010430232812499999 0.3986691109375 0.021792057812499998 0.6812176875 0.2116955453125 0.872831103125
244_jpg.rf.ebe961da1bfa6ca37b32aa46ca3e39bd,VALID,,
245_jpg.rf.0ac83d71b2b214dcbedb79e6c769f0f4,VALID,,
245_jpg.rf.f3ac1303b68adce5586bbd58adad23bc,MALFORMED,Invalid part count,2 0.023415142187499998 0.415357146875 0.076977603125 0.7255111203125 0.210072459375 0.9674636968750001 0.369136884375 0.912253021875 0.4989854546875 0.9966927859375 0.5411863390625 0.8911430171875001 0.6401958484375 0.8018316734375001 0.6888890625 0.8976384156250001 0.73271290625 0.7953364015625 0.7960142328125 0.858666165625 0.888531290625 0.8472993171875001 0.888531290625 0.6394474781249999 0.95994790625 0.6118421390625 0.9518323703125 0.5079161875 0.875546384375 0.5046684906250001 0.8593153125 0.43809096875 0.7408284421875 0.2399821609375 0.5947487984375 0.077597896875 0.32305191093749996 0.051136365625 0.23117278125000001 0.0613594734375 0.0688620671875 0.192890790625 0.023415142187499998 0.415357146875
246_jpg.rf.273f2f224e2824f59432a79b13cd9f92,MALFORMED,Invalid part count,2 0.260388759375 0 0.1485389234375 0.036931821875 0.0526309953125 0.20425760781250002 0.0023147015625 0.316302771875 0.0185457671875 0.5972275312499999 0.11755528125 0.728758759375 0.30421259843750004 0.779097978125 0.43730745937500004 0.8115748296874999 0.4665233125 0.9707113296875001 0.6142261609374999 0.97558290625 0.6288340265625 0.8716569546875 0.6320803125000001 0.7839694328125 0.786275490625 0.6475666875 0.9339783390624999 0.467320125 0.9583249468749999 0.285449740625 0.9291089687499999 0.147423146875 0.8414610359375001 0.0516164109375 0.742451646875 0.017515740625 0.648311384375 0 0.260388759375 0
246_jpg.rf.3b941d06bf275de242a1e92efee2dd7a,VALID,,
246_jpg.rf.9d048a0f41171ac0a73bb1dd41d14df1,VALID,,
246_jpg.rf.ee913fddec540dce66e2c6ca4239e3d6,VALID,,
247_jpg.rf.056143bff0621f0c301d2705f1f78ef7,VALID,,
247_jpg.rf.25dd6fc4f8e144e507e18a0ff119c639,VALID,,
247_jpg.rf.7dad7324caf9f565fb271eb66d9932a8,VALID,,
248_jpg.rf.6d34c4cbd9100a8db88b5962d53aacdf,MALFORMED,Invalid part count,2 0.11268603125000001 0.7920886421875 0.330182415625 0.9463536921875001 0.6823966109375 0.9772067281249999 0.9209934328125 0.8472993171875001 0.9729328125000001 0.6085945671874999 0.9339783390624999 0.3601465359375 0.7846522859375 0.14092775468750002 0.45353853125 0.017515740625 0.213318625 0.0857171109375 0.0055609859375000004 0.2351106421875 0.0055609859375000004 0.5257784953125 0.11268603125000001 0.7920886421875
248_jpg.rf.b51afadf66828cb278bcb59dd58d56e5,VALID,,
249_jpg.rf.d93532d584185de736c840ddbb5c5db9,VALID,,
249_jpg.rf.fbf87931b64a7d58152e4c19715f20e9,MALFORMED,Invalid part count,2 0.083470053125 0.6849150578125001 0.22954969687500001 0.9090053843750001 0.5346938890625 0.9333630265625 0.7521901421875 0.7953364015625 0.831722540625 0.600475353125 0.844707446875 0.4299717546875 0.98591771875 0.38612799062500003 0.9550785359375 0.2643397984375 0.7943910265625 0.2886974375 0.6109798703125 0.162037728125 0.4454229953125 0.0857171109375 0.18734893749999998 0.20425760781250002 0.0639928171875 0.3991187234375 0.083470053125 0.6849150578125001
24_PNG.rf.03b34f910a0081e5b0708c5b8e8b5935,VALID,,
24_PNG.rf.4cba3b7fabc3dd8969befed5f8750fef,VALID,,
24_PNG.rf.5844f7f4ce139c74dbaa569660b4884f,VALID,,
24_PNG.rf.82399fc3e9f2e6ec4da9102170d640b5,VALID,,
24_PNG.rf.836cb0b300c988625412a6507039ae35,VALID,,
250_jpg.rf.1e67a22e2904ae28a2125e6191238814,VALID,,
250_jpg.rf.3fac198d9f3534ea8621ae63998e7f3a,VALID,,
250_jpg.rf.7bdc54ab08f23e3a3ce59a7d17869d0c,MALFORMED,Invalid part count,2 0.3447902765625 0.753116396875 0.47463884843750004 0.788841009375 0.792767821875 0.7904648265625001 0.9956562140624999 0.733630334375 0.9924100484375 0.217248396875 0.9437168343750001 0.2091291875 0.7392054828125 0.22049603593749997 0.494116209375 0.30006434843749996 0.2912278171875 0.447834 0.255519384375 0.590732196875 0.3447902765625 0.753116396875
250_jpg.rf.8371550796dec035e309460ea09d886f,VALID,,
25_PNG.rf.1047f0200f9f18df3c47d350aea7d03d,VALID,,
25_PNG.rf.6636a210092013ebc739e3a3392a2d97,VALID,,
25_PNG.rf.945f0d996c13f86ccc2d3b5c61c80cb1,VALID,,
25_PNG.rf.9460633c6f51aa149b3c337056a4d922,MALFORMED,Invalid part count,2 0.115932196875 0.8278132546875 0.3025895171875 0.9625921156249999 0.719728 0.9772067281249999 0.930731928125 0.8148224640624999 0.9713096078125 0.600475353125 0.9485862046875001 0.38125647812499996 0.742451646875 0.2903213171875 0.5850101828125001 0.23673445937499998 0.5704021921875 0.0922125046875 0.56228665625 0.0223872546875 0.47321425 0.0450487015625 0.46165406718749996 0.23186294687500003 0.128917103125 0.35202732187499997 0.026661303125 0.5696221968749999 0.115932196875 0.8278132546875
26_PNG.rf.0fbef2f61c7e223f987528f65f0b47e5,VALID,,
26_PNG.rf.17fb8a152ca52bec4cf77f38385a71da,MALFORMED,Invalid part count,2 0.0672389828125 0.7774740359375001 0.2928509015625 0.947977509375 0.6645424546875 0.9203722359375 0.8576921078125 0.798584040625 0.9096317328125 0.5290261296875001 0.8106220984375 0.3081835625 0.646688303125 0.1847715796875 0.653180634375 0.033754165625 0.5411863390625 0.0256349546875 0.494116209375 0.15879002656250002 0.28311228125 0.23673445937499998 0.0818469734375 0.4234763609375 0.0672389828125 0.7774740359375001
26_PNG.rf.7021476964a3548bdf1128d3f319eafc,VALID,,
27_PNG.rf.343c45f33937ddabf53935cc0cff4165,VALID,,
27_PNG.rf.a29d68a66db0d919453c7b2030a054d9,VALID,,
28_PNG.rf.66a2668cde9483ceafa48f58fcd84758,VALID,,
28_PNG.rf.9c9a36ffe5a1d0e16546a77be90a24b2,VALID,,
29_PNG.rf.6588adf08b9488a57deedbca47813b12,MALFORMED,Invalid part count,2 0.1922183078125 0.017515740625 0.260388759375 0.1880192140625 0.2749967453125 0.2951928296875 0.2019569234375 0.434843271875 0.159756165625 0.6150898390624999 0.2457807671875 0.8278132546875 0.4048453171875 0.9837021203124999 0.67590415625 0.9950689687500001 0.885285125 0.8911430171875001 0.976178978125 0.6605574203125 0.9404706703124999 0.4299717546875 0.6612961703125 0.24972525 0.36426763906250004 0.2610920984375 0.31395134375 0.119817875 0.297720271875 0.0045249828125 0.1922183078125 0.017515740625
29_PNG.rf.6b6eade62586bc0c229c81a473393ed9,VALID,,
29_PNG.rf.a126b07013ccd9876d679075d03cfcd4,VALID,,
29_PNG.rf.efc1fa2e94901b4da54725aae056b9dd,VALID,,
2_PNG.rf.17091df31596cadf0120e9f81088133f,VALID,,
2_PNG.rf.3e4144c24de24baf170f10b60b06fa32,VALID,,
2_PNG.rf.5828793c5aa1910086fff5e3c96a61a7,VALID,,
2_PNG.rf.bbc51facc539ca42a303d9aac972f223,VALID,,
30_PNG.rf.20389530b33b750432f5ce4d0888971b,VALID,,
30_PNG.rf.59b6a85a3f3ae0a23cd3c7d627165e6d,VALID,,
30_PNG.rf.e6acc8e738c6b0ec8cf91a04429373fc,MALFORMED,Invalid part count,2 0.7213512046874999 1 0.925862803125 0.931739084375 0.9956562140624999 0.832684709375 1 0.42022872343750006 0.9047623609375 0.2886974375 0.773290584375 0.1831476703125 0.43465905312500003 0.130275978125 0.3350516609375 0.030506468749999998 0.19708755312499998 0.0045249828125 0.2392883171875 0.1279370890625 0.13703263906250002 0.192890790625 0 0.330917384375 0 0.5891083171875 0.0688620671875 0.7807217953125 0.2879815265625 0.9252438125 0.49249312500000003 1 0.7213512046874999 1
31_PNG.rf.2803b395cafd95ffebe85d1a0c742fea,MALFORMED,Invalid part count,2 1 0.590732196875 0.9631940718750001 0.485182428125 0.8187376343749999 0.4234763609375 0.6905122718750001 0.32604580312500003 0.5720252765625 0.2903213171875 0.5168397328125 0.26271598281249997 0.526578353125 0.06623101718749999 0.4113377671875 0.0386256828125 0.36589071875 0.3098073796875 0.1808564828125 0.371513446875 0.062369735937500004 0.49817315625 0 0.5988514109375 0.0169226875 0.7969602234375001 0.0818469734375 0.9138768390625 0.30583580781249997 0.9918213343750001 0.6304572328125 0.9966927859375 0.81549146875 0.9690875140624999 0.9177472671875 0.9090053843750001 1 0.7904648265625001 1 0.590732196875
31_PNG.rf.297697cff07e0be0d669a00191915304,VALID,,
31_PNG.rf.32a5392bf4ad12e00214ecb90c4d13db,VALID,,
31_PNG.rf.764d5ea280bc39cca73bc263e0d58935,VALID,,
31_PNG.rf.da47405102f6d9aea8c5f753b7def420,VALID,,
32_PNG.rf.1485dfdb4c92b40dbff5e3e04f209e55,VALID,,
32_PNG.rf.544f1fbcdcf2bff531d4c933c06d0c1a,VALID,,
32_PNG.rf.aeb8ad8e7a628fd66cdf850bf59cad7b,VALID,,
32_PNG.rf.b76ee02fa8fdf90c01da483dda6ade7b,MALFORMED,Invalid part count,2 0.9096317328125 0.1734046078125 0.8771695890625001 0.0061488296875 0.013676521875 0 0.026661303125 0.0889648078125 0.2019569234375 0.1880192140625 0.39672978125 0.217248396875 0.6434420140625 0.20750530781249998 0.9096317328125 0.1734046078125
32_PNG.rf.c186ef3aab7cf1fd54a37aeae3cd69eb,VALID,,
33_PNG.rf.5f7d8c90a80d1aa3f425c123dcd801fd,VALID,,
33_PNG.rf.886bd9a2473c9f19a1a3dca6d7dc52a2,VALID,,
33_PNG.rf.c3f0082227e838c62bbb3fd2b4260e68,VALID,,
33_PNG.rf.dc50b63513d7797bc215e102251f2e2b,MALFORMED,Invalid part count,2 0.0753545171875 0.3926233890625 0.059123446875 0.550136134375 0.020168853125 0.733630334375 0.09645495937500001 0.85541853125 0.21656491562500002 0.9333630265625 0.3480365671875 0.9772067281249999 0.6499344687499999 0.9983167281249999 0.7700444203125001 0.9788305453125 0.8430842406249999 0.9008861734375 0.9291089687499999 0.788841009375 0.9972794203124999 0.6248329906250001 0.9615711109375 0.4721916390625 0.888531290625 0.3893756921875 0.7976371921875 0.2886974375 0.6044874203124999 0.2383583390625 0.46165406718749996 0.045121045312500004 0.40809148281249996 0.19938609375 0.2814892015625 0.2740828890625 0.17598723593750001 0.3341650171875 0.0753545171875 0.3926233890625
34_PNG.rf.10266174676bc1b1a0ddede52f6326e4,MALFORMED,Invalid part count,2 0.0250382234375 0.3195504734375 0.012053317187499999 0.5452645578124999 0 0.7742264015625 0.062369735937500004 0.883023803125 0.171117865625 0.9885735765625 0.6385727671875 1 0.7684212140625 0.9301152640625 0.942093875 0.8067032546874999 1 0.5274023125 0.9729328125000001 0.3098073796875 0.8820387140625 0.1457992984375 0.7278435359375 0.041873379687500004 0.45698048281250003 0.043019482812499996 0.37562933906249996 0.046744896875000004 0.153263709375 0.1344323890625 0.0250382234375 0.3195504734375
34_PNG.rf.63bb32d93e9e310fc16410ce77639420,VALID,,
34_PNG.rf.73f6c6d2e6e7d889f1cb75b18c2d85a2,VALID,,
34_PNG.rf.a2bd403248194a2751ee235ffaacc52d,VALID,,
35_PNG.rf.8d213ba77aaaff79b3b272f8e4471230,VALID,,
35_PNG.rf.97135005331bb3c2853c44c9de58e2dc,MALFORMED,Invalid part count,2 0.1483943390625 0.9138768390625 0.3447902765625 0.97558290625 0.4048453171875 0.972335146875 0.6823966109375 0.947977509375 0.925862803125 0.8261893125 0.9826715531250001 0.6784196609375 0.942093875 0.41860484375 0.8544459421875 0.3504034421875 0.6564269203124999 0.3601465359375 0.3171975046875 0.4234763609375 0.0737314375 0.613465959375 0.0169226875 0.7953364015625 0.1483943390625 0.9138768390625
36_jpg.rf.387e89cefb32e04d7df750cad3cd7a0b,VALID,,
36_PNG.rf.61c362727be8c70960ab49e2b2e654d0,VALID,,
36_PNG.rf.7ac293ba6e89119227fc3987670ce503,MALFORMED,Invalid part count,2 0.30745888906249996 0.037001834375 0.128917103125 0.1116986609375 0.0169226875 0.20425760781250002 0.000691615625 0.7238873031249999 0.026661303125 0.8050794328125 0.14352509375 0.928491446875 0.273373665625 0.9739590890625 0.5054779109374999 0.9918213343750001 0.7456978125 0.9739590890625 0.8723002187500001 0.8391801031250001 0.9404706703124999 0.686538875 0.9745560171875001 0.5436407359375 0.9550785359375 0.321174290625 0.90313915625 0.1750284546875 0.6923700937499999 0.0267857140625 0.7392054828125 0.024011103125 0.5184628171875 0.0093965265625 0.30745888906249996 0.037001834375
36_PNG.rf.f6512156458b18fc159dc5593a08250d,VALID,,
37_jpg.rf.a3f2b4af06a513b0919e504469e2e5db,VALID,,
37_jpg.rf.d5841537d8351079202e1e1cdf38feda,VALID,,
37_PNG.rf.87344456fa7c1b6a83b41749e79833dc,VALID,,
37_PNG.rf.ac26d16491ff6133cae56260e8efbf58,VALID,,
37_PNG.rf.c0cb3ad5c67dc80f0924a0f0876feebb,MALFORMED,Invalid part count,2 0.24740385312500002 0.0759740796875 0.127294021875 0.157166178125 0.023415142187499998 0.26271598281249997 0.000691615625 0.5615029828125 0.0282843890625 0.7125203921875001 0.06074653125 0.788841009375 0.1646254109375 0.912253021875 0.2814892015625 0.9869497546874999 0.6840196921875 1 0.8203608390625 0.912253021875 0.912877896875 0.8083270718750001 0.9696866468750001 0.65730984375 0.9907870890625 0.4137333296875 0.9729328125000001 0.2692113125 0.8934006609375 0.1441755140625 0.6923700937499999 0.0349025984375 0.5947487984375 0.0158918921875 0.3918604109375 0.007772678125 0.24740385312500002 0.0759740796875
38_jpg.rf.e16a33b70b9bbb741812fd61eadb2359,VALID,,
38_PNG.rf.2982d7c853134ac6bf0ea67f46e774c3,VALID,,
39_PNG.rf.297d48602da8403cdaae9b72eb78c155,VALID,,
39_PNG.rf.8dc5e7cefdafadb69f2fe1f450e03e99,MALFORMED,Invalid part count,2 0.031530678125 0.37313726406250003 0 0.673548271875 0.034776839062499995 0.7969602234375001 0.0737314375 0.89601459375 0.2327959859375 0.97558290625 0.5071009906249999 0.9983167281249999 0.6369495625 0.9853259375000001 0.75868271875 0.9333630265625 0.873923178125 0.8408039234375 0.925862803125 0.699529603125 0.9940332546875 0.361770353125 0.9729328125000001 0.2692113125 0.9356012984375001 0.1636615765625 0.7976371921875 0.08246944687499999 0.530032428125 0.036931821875 0.3204436703125 0.1052032359375 0.1630023296875 0.20425760781250002 0.031530678125 0.37313726406250003
3_PNG.rf.a37169b2371c3962f1f53a97bb26c1c4,VALID,,
40_jpg.rf.935e9050add16deabdacf2e6b3735349,VALID,,
40_PNG.rf.8b841f962659f5caa32ab13d53786b23,MALFORMED,Invalid part count,2 0 0.714144334375 0.05750036562500001 0.793712459375 0.190595103125 0.9073814421874999 0.330182415625 0.9560967234375 0.45029224062499995 0.9772067281249999 0.6710349109375 0.97558290625 0.8528229828124999 0.9171245984375 0.9388474640625001 0.762859553125 0.9680634421875001 0.6378235984375 0.9810483484375 0.38125647812499996 0.8998929906249999 0.20425760781250002 0.6677886203125001 0.041873379687500004 0.4454229953125 0.0142680453125 0.22970775468750002 0.0288149375 0.1191784859375 0.18964303124999998 0.0169226875 0.3276696828125 0 0.714144334375
40_PNG.rf.cca2db6e437d9ee617763e6beaf82f5c,VALID,,
40_PNG.rf.e7c8b57bec96721c7a4a236eebe0dcc7,VALID,,
41_jpg.rf.19fc256190a870fa64258cb15d42f27e,VALID,,
41_PNG.rf.47a5570ca4932da7cfcdc5b7646f4241,MALFORMED,Invalid part count,2 0.007184071875000001 0.793712459375 0.1078166609375 0.8537947140625001 0.26201183906250003 0.9171245984375 0.6012412546875 0.9999405484375 0.8089988921875 0.8813999859375 0.9209934328125 0.749868759375 0.946963 0.6491906296875001 0.9924100484375 0.5322738265625 1 0.330917384375 0.9778021828125001 0.16853315156249998 0.946963 0.0516164109375 0.7992603968750001 0.0386256828125 0.6142261609374999 0.028882620312500003 0.41296085312499997 0.027258771874999997 0.284735365625 0.0483687453125 0.2682629515625 0.051136365625 0.12080156718749999 0.265963678125 0.033153759375 0.43809096875 0 0.6378235984375 0.007184071875000001 0.793712459375
41_PNG.rf.e5d77ec9c1b609ed6b15d9ea776cf50b,VALID,,
42_PNG.rf.2635829d7f3281b8231842ba5fec1f99,VALID,,
42_PNG.rf.8d511db16a6feb03ef903d81e90690ce,VALID,,
42_PNG.rf.f3d65d1682b989e21fc86c0442a901d2,MALFORMED,Invalid part count,2 0.000691615625 0.514411584375 0 0.67679584375 0.0169226875 0.798584040625 0.089962509375 0.9203722359375 0.1792334015625 0.9853259375000001 0.3464134859375 0.9950689687500001 0.5298245171875 1 0.7116124640625 0.9918213343750001 0.8219837984374999 0.9171245984375 0.9453400406249999 0.7969602234375001 0.976178978125 0.6897866968749999 0.932355134375 0.5355215265625 0.8544459421875 0.434843271875 0.7132356703125 0.3471558078125 0.451915446875 0.22374373281249998 0.3350516609375 0.355275021875 0.184102771875 0.3893756921875 0.0915855890625 0.44945787968750006 0.000691615625 0.514411584375
43_jpg.rf.756d5a2a79dad448ca3671f80c1131a0,VALID,,
43_jpg.rf.ed36b242d70f10bf30d99adf216ba229,VALID,,
43_PNG.rf.28e27b9701e7b913897db69fd1417479,VALID,,
43_PNG.rf.3c2b1d2cb3451649dae0948f6ffb9391,MALFORMED,Invalid part count,2 0.020168853125 0.46244860781249997 0.059123446875 0.6686766296875 0.14027880312500002 0.788841009375 0.21494170937499998 0.9008861734375 0.3772524203125 0.9398582953125001 0.5541711203124999 0.965839875 0.7116124640625 0.9106292046875 0.8414610359375001 0.8375562859375 0.9453400406249999 0.743373365625 0.9810483484375 0.5485122546875 0.987540678125 0.3374127140625 0.8934006609375 0.1734046078125 0.8609385171874999 0.06785486562500001 0.6515575484375 0.0321303171875 0.270127375 0.0483687453125 0.1321632671875 0.1604139375 0.046138665625000005 0.3227981703125 0.020168853125 0.46244860781249997
43_PNG.rf.7ab04f4f8e547c16d900db2c57cd96bb,VALID,,
44_jpg.rf.0279e9a0bde8a65f5a5485ce280e99cb,VALID,,
44_jpg.rf.93ae5044361c7bdf7a2eb562c484ba2a,VALID,,
44_PNG.rf.6944e2199b58b822ad2e994702b5e9b1,VALID,,
45_jpg.rf.7421a17e8db0c0be92f778cab8779f94,VALID,,
45_PNG.rf.11d8f91e6b14dff87ca334a7e4dee49e,VALID,,
45_PNG.rf.88d097d23ba4e896eb6be4fdafd3fbc2,VALID,,
46_jpg.rf.76cf758db205916f3cffca2c115ae9d2,VALID,,
46_jpg.rf.a163656e3640af810fabffe15549076d,VALID,,
46_PNG.rf.20e41766ed1bc3545b7f42d1f91374ed,MALFORMED,Invalid part count,2 0.2749967453125 0.5127877046875 0.05750036562500001 0.613465959375 0 0.728758759375 0.0688620671875 0.8602901078125 0.14352509375 0.95447290625 0.22143416093749999 1 0.9145008578124999 0.982078303125 0.9713096078125 0.902509990625 0.9907870890625 0.8261893125 0.9631940718750001 0.7385019109375001 0.8593153125 0.6670527500000001 0.729466740625 0.5436407359375 0.606110625 0.4462101828125 0.5298245171875 0.3796326609375 0.349659646875 0.4592009109375 0.2749967453125 0.5127877046875
46_PNG.rf.6efacba2ecb754aed6776984caa1223e,VALID,,
46_PNG.rf.d7c6c7ea258ef87f2ca684977e5d9fa2,VALID,,
47_jpg.rf.42b7f2c4f8eed2f3308bc46a43d5057d,VALID,,
47_PNG.rf.766c9deb6211634b346daf6c4ee3fb2f,MALFORMED,Invalid part count,2 0.393483490625 0.311431259375 0.2246804515625 0.3601465359375 0.1451481734375 0.45108169687500005 0.13054018750000002 0.5517599515625 0.1045704953125 0.699529603125 0.158132959375 0.8472993171875001 0.253896303125 0.9187484156249999 0.40809148281249996 0.9674636968750001 0.59312571875 0.972335146875 0.7440746078125 0.97558290625 0.873923178125 0.93498684375 0.9437168343750001 0.8489231343749999 0.9907870890625 0.7807217953125 0.9924100484375 0.67679584375 0.95994790625 0.5663745578125 0.8804157546875 0.490053946875 0.792767821875 0.434843271875 0.7083662984375 0.34877962500000004 0.5801408125 0.345531928125 0.5168397328125 0.29681665156250003 0.393483490625 0.311431259375
47_PNG.rf.abee7112d30a5cc6ebc6870fc25b0234,VALID,,
47_PNG.rf.d5f1cdc7e8eaf84c417631eb9f893368,VALID,,
48_jpg.rf.a97ce2aed5ff8384e40a2c01367a7001,VALID,,
48_jpg.rf.f42396cf09f16bf0c8fd28bfd20b7497,VALID,,
48_PNG.rf.1b03da9465ff524a70dac982c3bd8d73,VALID,,
49_PNG.rf.4d08fc93ad388f3c3281fbcb4a74420f,MALFORMED,Invalid part count,2 0.0088071515625 0.4884300671875 0.038023129687500004 0.81644628125 0.1630023296875 0.9268676296875 0.3918604109375 0.982078303125 0.6450650984374999 0.9869497546874999 0.925862803125 0.8797761703125 0.9972794203124999 0.5290261296875001 0.9274857640624999 0.434843271875 0.705120134375 0.2805782234375 0.3676947671875 0.20738636562499999 0.279865990625 0.22374373281249998 0.172740946875 0.3406604109375 0.0088071515625 0.4884300671875
49_PNG.rf.57fb8c2cd6fdd988311885004f6ce30c,VALID,,
49_PNG.rf.88b2d676f1b629598505330f299e977f,VALID,,
4_PNG.rf.0cc9fc1c20030f87be472ca369c971cd,VALID,,
50_jpg.rf.5fa183d43582554377ea4d1c2f42be4f,VALID,,
50_jpg.rf.762eacb5234bf2c793386bf6539ab226,VALID,,
50_PNG.rf.22d64db991c1576b30dda8e0a7f9827d,VALID,,
50_PNG.rf.6342f1440397580310474bddb2cd1ab1,VALID,,
50_PNG.rf.ce7d96242405b04535f14a7d638802d4,MALFORMED,Invalid part count,2 0.0088071515625 0.8927669593750001 0.0526309953125 0.9560967234375 0.159756165625 0.9999405484375 0.8593153125 0.9999405484375 0.9664404828125001 0.9041338078125 1 0.5615029828125 0.9145008578124999 0.4364671515625 0.6645424546875 0.2870736203125 0.34943178124999996 0.30884740625 0.133786353125 0.4088618125 0 0.520906915625 0.0088071515625 0.8927669593750001
51_jpg.rf.c5130934d987a534dbf9aa8dd00a7da2,VALID,,
51_PNG.rf.81bcef846ea7157bf8c7f99f05f4b7bc,MALFORMED,Invalid part count,2 0.072108353125 0.8797761703125 0.19708755312499998 1 0.476262053125 0.9934451515625 0.7538133484375 0.8781523531250001 0.976178978125 0.6361997765625 0.9534555765625001 0.4429624828125 0.8349687046875 0.2870736203125 0.622341696875 0.23673445937499998 0.30073048281250003 0.300730521875 0.1354095578125 0.415357146875 0.031530678125 0.714144334375 0.072108353125 0.8797761703125
51_PNG.rf.c00491dd4689f870de034b3c6883dc6d,VALID,,
52_jpg.rf.62d324abfe78999f2ba41750ed8e1cfa,VALID,,
52_jpg.rf.decb3c925de768613454142025c0da48,VALID,,
52_PNG.rf.17009702dfa930dcd8b313153b7060f6,VALID,,
52_PNG.rf.5ac22f7a26688b85d252b7f8762e4986,MALFORMED,Invalid part count,2 0.012053317187499999 0.7011534828125 0.0948318796875 0.8472993171875001 0.25714259375 0.9885735765625 0.7229744109375 0.9690875140624999 0.8073759328125 0.8976384156250001 0.9631940718750001 0.7547403390625 0.9372245046875 0.564750678125 0.8008833578125 0.3374127140625 0.5590404953125 0.1815238171875 0.34154411093750003 0.1815238171875 0.21656491562500002 0.226991428125 0.04776175 0.3828802953125 0.012053317187499999 0.7011534828125
52_PNG.rf.dfddd76df912f5e0b87a1ccb2cb7a3b8,VALID,,
53_PNG.rf.43a08a878891a06ee0e0f60543c861b2,MALFORMED,Invalid part count,2 0.2246804515625 0.301688165625 0.0932086734375 0.5485122546875 0.072108353125 0.7644833703125 0.1500174234375 0.9008861734375 0.3204436703125 0.9918213343750001 0.6694117046875 0.9950689687500001 0.8138682640624999 0.9366106609375 0.906385321875 0.8391801031250001 0.9193702281249999 0.431595571875 0.8966468265625 0.345531928125 0.7440746078125 0.27083519218749996 0.6255878609375001 0.22861525 0.40159902656249996 0.24810137031249999 0.2246804515625 0.301688165625
53_PNG.rf.f2baa3ad231716399c0d592d01a33883,VALID,,
54_jpg.rf.1bed6b02caeadb4e561d7c6fa61f94d5,VALID,,
54_PNG.rf.11770a805df1a6e747ea5bb376c71447,MALFORMED,Invalid part count,2 0.062227040624999994 0.6946580890625 0.162859634375 0.883023803125 0.4761192328125 0.9934451515625 0.8396953796875 0.9187484156249999 0.974413321875 0.5436407359375 0.9096317328125 0.2886974375 0.3940746390625 0.161120134375 0.169352084375 0.24160604062500002 0.0281416921875 0.4527055765625 0.062227040624999994 0.6946580890625
54_PNG.rf.31ef2fb675b6f5e47cf3b7b706bf8deb,VALID,,
54_PNG.rf.f8989d3278b8e5ed50a8cc5ed778efa3,VALID,,
55_jpg.rf.be9a5c9f97c6ab8d5038e0052e867f3e,VALID,,
55_PNG.rf.12aa66c4a7c098a5d62ff234b82ac8e4,MALFORMED,Invalid part count,2 0.0753545171875 0.4884300671875 0.1256708171875 0.7644833703125 0.23117278125000001 0.9901975171874999 0.9502094109374999 0.9804543609374999 0.989163884375 0.6670527500000001 0.9631940718750001 0.3747610796875 0.8658076421875001 0.2740828890625 0.5624999640625 0.15503246875 0.356152103125 0.21562451718750003 0.1678717015625 0.2805782234375 0.0753545171875 0.4884300671875
55_PNG.rf.4251a47fae09e8b35cd098ef2849d578,VALID,,
55_PNG.rf.86ef879c9c723fad85f214274af63a10,VALID,,
56_jpg.rf.99142f7307b1c623920ec6ab23770d8f,VALID,,
56_PNG.rf.155578c0a2f36e5553ddc6817aefc065,MALFORMED,Invalid part count,2 0.0152996078125 0.6816674828125 0.0883394234375 0.9642159375 0.760305678125 1 0.75868271875 0.9382344781249999 0.8382148703125001 0.762859553125 0.9810483484375 0.564750678125 0.98591771875 0.4592009109375 0.7781599546875 0.2692113125 0.44886359843749996 0.22402597812499997 0.36589071875 0.2529728890625 0.1824795671875 0.4137333296875 0.0152996078125 0.6816674828125
56_PNG.rf.19630068b7f727c7c68a21112e31a5ce,VALID,,
56_PNG.rf.474f670f131ef072a80d0238a2ad9036,VALID,,
57_jpg.rf.a7c874169d2d1df58179dbeac530b3bb,VALID,,
57_jpg.rf.aed4e11e2f96cc9d033203fc6cff490d,VALID,,
57_PNG.rf.02c1c647d5f16dba037437a4db9b61d1,MALFORMED,Invalid part count,2 0.044515459375 0.8781523531250001 0.1922183078125 0.9772067281249999 0.5801408125 0.9642159375 0.719728 0.8635377453125 0.9842945140625 0.6816674828125 0.8934006609375 0.5615029828125 0.685642896875 0.43809096875 0.3902373265625 0.470567821875 0.021792057812499998 0.6914103890625001 0.044515459375 0.8781523531250001
57_PNG.rf.2c8a27a182021b1205051dd3c3d25ac6,VALID,,
58_jpg.rf.2e5cc088311b3f1c60b73f3188333d75,VALID,,
58_PNG.rf.8c93f3c64e2b19cf93bc6ca09542b6e4,VALID,,
58_PNG.rf.f042cdb9cc9b5b3b51a55d1774697583,MALFORMED,Invalid part count,2 0.0250382234375 0.6979059109375 0.2084493796875 0.9431060531250001 0.677527240625 0.9642159375 0.9729328125000001 0.6670527500000001 0.9242395984374999 0.29681665156250003 0.6761363265625 0.07183442031250001 0.34154411093750003 0.0938363265625 0.0558772859375 0.2545967671875 0.0250382234375 0.6979059109375
59_jpg.rf.7c22d1e5d72a5000077863f1ce80af83,VALID,,
59_PNG.rf.83d88d96bf94c138bc4adfee6bce150b,MALFORMED,Invalid part count,2 0.1256708171875 0.965839875 0.7976371921875 0.9853259375000001 0.946963 0.8765285359374999 0.9956562140624999 0.5420169203125 0.956701740625 0.23673445937499998 0.7976371921875 0.0483687453125 0.714858875 0 0.231736978125 0.0089285765625 0.07860080781249999 0.21562451718750003 0.012053317187499999 0.431595571875 0.0250382234375 0.8099508890625 0.1256708171875 0.965839875
59_PNG.rf.d0435d24c16799319c15ce26d1b7b3cf,VALID,,
5_PNG.rf.41bd84c22f47753e97c23c13cdbeb0db,VALID,,
5_PNG.rf.71bdbe391d3e71c4b7372cc26c6ae397,MALFORMED,Invalid part count,2 0.0526309953125 0.6605574203125 0.190595103125 0.9885735765625 0.8625614781250001 0.9788305453125 0.906385321875 0.9090053843750001 0.9648172765625 0.7677310046875 0.9112546921875 0.6102182593750001 0.7797831609375 0.490053946875 0.6807735265625 0.371513446875 0.424322553125 0.3325412015625 0.33829795156250003 0.3698895671875 0.1256708171875 0.4640724234375 0.0526309953125 0.6605574203125
5_PNG.rf.7cf7c77129ba829e546bb5609e21aa89,VALID,,
5_PNG.rf.87d09e05ae10aa919e91fe791d508ff8,VALID,,
5_PNG.rf.eefa6f1835b876582bf7c8d0c8682346,VALID,,
60_jpg.rf.7cecdcaab64a518273bc894bc4a7d286,VALID,,
60_jpg.rf.e94074ddfe3fa8ad6b8f9e48d613a116,VALID,,
60_PNG.rf.e84eee39b77cbe3a7e00512dcefae4e4,MALFORMED,Invalid part count,2 0.1256708171875 0.44945787968750006 0.12080156718749999 0.8229416781250001 0.3318054953125 0.9999405484375 0.6320803125000001 0.9414822359375 0.8771695890625001 0.7726025796875 0.9696866468750001 0.5079161875 0.95994790625 0.2886974375 0.8398380765625 0.1149462953125 0.6112012640625 0.0332792234375 0.393483490625 0.0857171109375 0.26201183906250003 0.251349071875 0.1256708171875 0.44945787968750006
61_jpg.rf.80c6ef236e3522e3a7121f47d2a936e5,VALID,,
61_jpg.rf.839635aa63f6fb7271b87a0d0e628e05,VALID,,
61_PNG.rf.14b83c7ed4d4d0c6d07ddbec8b2fcb9b,VALID,,
61_PNG.rf.4637d77d8126d7a9c591e2226d926971,MALFORMED,Invalid part count,2 0.153263709375 0.3974949015625 0.083470053125 0.57774140625 0.1094397453125 0.8083270718750001 0.156509875 0.9690875140624999 0.9453400406249999 1 1 0.8521708921875 0.885285125 0.5858606203125001 0.77653675 0.3536511421875 0.5340908703125 0.1469155890625 0.2944739828125 0.1506708171875 0.2392883171875 0.212376821875 0.153263709375 0.3974949015625
62_PNG.rf.9504123b15d9333f0a8711fd1adf6c0f,MALFORMED,Invalid part count,2 0.0656159015625 0.48031085312500005 0.0282843890625 0.67679584375 0.0672389828125 0.8521708921875 0.1792334015625 0.9268676296875 0.325313040625 0.9674636968750001 0.5071009906249999 0.9674636968750001 0.6694117046875 0.9203722359375 0.8138682640624999 0.8781523531250001 0.932355134375 0.6654290578125 0.9161240625 0.460824790625 0.748943978125 0.30006434843749996 0.5850101828125001 0.1734046078125 0.31899346875 0.1692370171875 0.21494170937499998 0.23186294687500003 0.133786353125 0.34877962500000004 0.0656159015625 0.48031085312500005
63_jpg.rf.914da589c6c6c6fd010688f225633c4d,VALID,,
63_PNG.rf.37f22fb6903da3f52f2364755ceac022,VALID,,
63_PNG.rf.9e0a9b61eef2de6f30c32f93401e1139,MALFORMED,Invalid part count,2 0.2327959859375 0.1116986609375 0.153263709375 0.256220584375 0.0818469734375 0.41860484375 0.070485271875 0.6053467453125 0.0915855890625 0.8359324687499999 0.185725853125 0.9837021203124999 0.8658076421875001 1 0.9550785359375 0.8813999859375 0.9826715531250001 0.5420169203125 0.9372245046875 0.2399821609375 0.7816558078125 0.010957795312500001 0.36426763906250004 0 0.297720271875 0.0256349546875 0.2327959859375 0.1116986609375
64_jpg.rf.420bc116e4c2c661bc8258c82764bd26,VALID,,
64_PNG.rf.3a27a329dc915470d15dad2d469a6380,VALID,,
64_PNG.rf.cf459f2c289371bfe0d4b51374320482,MALFORMED,Invalid part count,2 0.0039377812499999994 0.65730984375 0.0558772859375 0.81644628125 0.1483943390625 0.9609682984375001 0.6320803125000001 1 0.7911448609375 0.9528490843749999 0.925862803125 0.89601459375 0.9242395984374999 0.749868759375 0.805752728125 0.5631268609375 0.7521901421875 0.361770353125 0.5503246390625 0.3051948078125 0.270127375 0.41860484375 0.11106295156249998 0.5079161875 0.0039377812499999994 0.65730984375
65_PNG.rf.5679fa852eea369363298c855958fee4,MALFORMED,Invalid part count,2 0.27824291093750003 0.2692113125 0.02990759375 0.4332194546875 0 0.663805115625 0.1078166609375 0.8456754999999999 0.2685042953125 0.9447298749999999 0.5054779109374999 0.9983167281249999 0.8836619203125 0.8472993171875001 0.95994790625 0.5891083171875 0.9778021828125001 0.2805782234375 0.9518323703125 0.132808540625 0.735959071875 0.08734102187500001 0.7343361109375001 0.08246944687499999 0.5184628171875 0.176652365625 0.27824291093750003 0.2692113125
66_jpg.rf.08aa6125a5596976cac6ececb28edee9,VALID,,
66_PNG.rf.0f88267d279d968408af2d8d2106597e,VALID,,
67_jpg.rf.4cadd6fe58531f0cd54db9f90e29db69,VALID,,
67_jpg.rf.55aacc021072175d3255c73c6c394980,VALID,,
67_PNG.rf.35dae2456bbfb02a3265321b2849fb27,VALID,,
67_PNG.rf.e40420041f2ba1b180fd6a28611b3600,MALFORMED,Invalid part count,2 0.2019569234375 0.3276696828125 0.046138665625000005 0.514411584375 0.0023147015625 0.67679584375 0.026661303125 0.8651615625 0.0558772859375 0.9950689687500001 0.7083662984375 0.9966927859375 0.8820387140625 0.8781523531250001 0.9778021828125001 0.613465959375 0.9518323703125 0.395871084375 0.886908084375 0.2545967671875 0.700486978125 0.1103896109375 0.5217089828125 0.119817875 0.39672978125 0.192890790625 0.2019569234375 0.3276696828125
68_PNG.rf.7c3a842295c50d62cc750c602eca2a70,MALFORMED,Invalid part count,2 0.1889720171875 0.2140007015625 0.08671634375000001 0.316302771875 0.034776839062499995 0.47706321406249996 0.0185457671875 0.6849150578125001 0.059123446875 0.873280771875 0.1354095578125 0.95447290625 0.279865990625 0.9869497546874999 0.59312571875 0.9983167281249999 0.7392054828125 0.9739590890625 0.8804157546875 0.8927669593750001 0.9713096078125 0.77585021875 0.946963 0.606970625 0.8349687046875 0.46244860781249997 0.7473210171875 0.321174290625 0.5949674953125 0.1875000046875 0.5898795531250001 0.1815238171875 0.37562933906249996 0.2107530046875 0.1889720171875 0.2140007015625
69_PNG.rf.d682aad4eea3828c70359caa6223fbf1,VALID,,
6_PNG.rf.0917beb09d9454922a0a0ac784a0606f,VALID,,
6_PNG.rf.1ddbb1f42621096ebcba925e0c99a796,VALID,,
6_PNG.rf.cb810c1732da7e5a555547668b78e09d,MALFORMED,Invalid part count,2 0.0088071515625 0.4689440046875 0.1078166609375 0.78559325 0.28311228125 0.965839875 0.5071009906249999 0.9008861734375 0.7262205765624999 0.887895384375 0.956701740625 0.6329522046875 0.9664404828125001 0.3926233890625 0.8950236203124999 0.186395365625 0.7116124640625 0.056487954687499994 0.387986978125 0.11444805312499999 0.3480365671875 0.113322446875 0.0948318796875 0.2399821609375 0.0088071515625 0.4689440046875
6_PNG.rf.dbc4ebffe52fc310f083ff094398fc8b,VALID,,
70_jpg.rf.7584312b75357a7fffc74489b0cf4c8d,VALID,,
70_PNG.rf.31ac7b9746e53a7a7836934e159b6be9,MALFORMED,Invalid part count,2 0 0.4997969734375 0.046138665625000005 0.6784196609375 0.1419018890625 0.8456754999999999 0.33342857656249997 0.9171245984375 0.549301875 0.972335146875 0.7700444203125001 0.9739590890625 0.9291089687499999 0.9008861734375 0.9794251421875 0.753116396875 0.9437168343750001 0.475439334375 0.773290584375 0.2935689515625 0.5178571078124999 0.1992694828125 0.3512827328125 0.217248396875 0.0980780453125 0.32604580312500003 0 0.4997969734375
70_PNG.rf.3dafaa4476246997fbf4195605110882,VALID,,
71_jpg.rf.9c4a263bc17efd6fc746316a8411c59a,VALID,,
71_PNG.rf.1636a42eafc264aa779c6421691edc62,VALID,,
72_jpg.rf.ebe4268d69d57b9c4d08bfd457911a17,VALID,,
72_PNG.rf.81aacae3995208d8e36f695a9c80b83c,VALID,,
73_jpg.rf.c6e12f0b27e4f22fac402107d7f83ba3,VALID,,
73_jpg.rf.d6e44af44f962a61ee91146afc7bddff,VALID,,
74_jpg.rf.6f67400f6386014c38d2fa77140cdb12,VALID,,
74_jpg.rf.873ea1760463d7b17272e2c9bb3b3763,VALID,,
74_PNG.rf.1e6b6344dfc79949967f049adf6673be,VALID,,
75_PNG.rf.7ee0a3b109cdc931b88d4639b7976371,MALFORMED,Invalid part count,2 0.286358446875 0.1506708171875 0.153263709375 0.24160604062500002 0.0932086734375 0.42510024062499996 0.1094397453125 0.6118421390625 0.21494170937499998 0.8083270718750001 0.34316719687499997 0.9171245984375 0.552548040625 0.9463536921875001 0.7814061203125 0.972335146875 0.8771695890625001 0.9463536921875001 0.9453400406249999 0.842427740625 0.9810483484375 0.6459428078125 0.9631940718750001 0.5322738265625 0.8836619203125 0.3828802953125 0.7700444203125001 0.3049358609375 0.46976960312499993 0.1799 0.481131303125 0.192890790625 0.41945330312499995 0.15879002656250002 0.286358446875 0.1506708171875
75_PNG.rf.d892cf5fff9ba36a9e0ad232874d232c,VALID,,
76_jpg.rf.1b11b04f5baea87981cc25b3cea132c0,VALID,,
76_jpg.rf.5059aa7550dade59956330081a6fc4cd,VALID,,
76_PNG.rf.db477d9b896f82cc2f4937f8e8b47f4d,VALID,,
76_PNG.rf.dc04bddb4be1d0d59d8f352c349cb117,MALFORMED,Invalid part count,2 0.16949478125 0.15391851406249998 0.042892374999999996 0.3146789546875 0.0152996078125 0.5387692234375 0.034776839062499995 0.7108965140625 0.1386557234375 0.905757625 0.312328134375 0.972335146875 0.49736237499999997 0.9918213343750001 0.6888890625 0.9788305453125 0.786275490625 0.8537947140625001 0.9356012984375001 0.6686766296875 0.9940332546875 0.49817315625 0.9794251421875 0.321174290625 0.8966468265625 0.1636615765625 0.7083662984375 0.0191395578125 0.5915026390625 0.0142680453125 0.367513803125 0.08246944687499999 0.16949478125 0.15391851406249998
77_jpg.rf.2833cc617e8f7df657d7bc503822f372,VALID,,
77_PNG.rf.559bbff6ae99b3e499ed91bdd114e42a,MALFORMED,Invalid part count,2 0.0639928171875 0.4868062453125 0.0510079109375 0.5988514109375 0.0980780453125 0.7579879734375 0.1824795671875 0.9187484156249999 0.3464134859375 0.9837021203124999 0.576894646875 0.9918213343750001 0.735959071875 0.9853259375000001 0.930731928125 0.8895192015625 0.9924100484375 0.6524382046875 0.9193702281249999 0.434843271875 0.8576921078125 0.222119915625 0.7229744109375 0.1181939640625 0.49736237499999997 0.12468932656250001 0.40159902656249996 0.152294728125 0.24253460312500003 0.23186294687500003 0.0639928171875 0.4868062453125
77_PNG.rf.c2b22da8773a6b0c98f4716258317e1e,VALID,,
78_jpg.rf.1fa7f272595c96bfc658ee9ab078a524,VALID,,
78_jpg.rf.e50954ccda0d4cddcbfd70332fa6e2c5,VALID,,
78_PNG.rf.055c9235c96ef3c154d8b4947673b9e7,MALFORMED,Invalid part count,2 0.23117278125000001 0.1782761515625 0.11268603125000001 0.3325412015625 0.041269295312499996 0.48031085312500005 0.041269295312499996 0.6329522046875 0.07860080781249999 0.7904648265625001 0.1922183078125 0.9106292046875 0.36589071875 0.9333630265625 0.5590404953125 0.9236198703125 0.7343361109375001 0.8343085265625 0.8300993343749999 0.7417495484375001 0.9680634421875001 0.4868062453125 0.932355134375 0.3049358609375 0.8771695890625001 0.1555423609375 0.622341696875 0.0954602359375 0.5168397328125 0.0792218078125 0.3577751828125 0.0938363265625 0.23117278125000001 0.1782761515625
78_PNG.rf.06d5b8bb4942dab5467189f441477c67,VALID,,
79_jpg.rf.70e92ed4a850e33f13bc57789c9290e1,VALID,,
79_jpg.rf.f9fec7272b4229f6a24f17ec99fbf56c,VALID,,
79_PNG.rf.07860b98bc66109f6b345be66f9af751,MALFORMED,Invalid part count,2 0.127294021875 0.470567821875 0.021792057812499998 0.590732196875 0.0152996078125 0.7076488171875 0.0510079109375 0.7969602234375001 0.1646254109375 0.9382344781249999 0.3009664328125 0.97558290625 0.5152165265625 0.9772067281249999 0.7456978125 0.9073814421874999 0.9047623609375 0.77585021875 0.9485862046875001 0.5485122546875 0.8982697859375 0.37800878125000004 0.748943978125 0.3276696828125 0.5898795531250001 0.3292935 0.563909740625 0.3471558078125 0.367513803125 0.431595571875 0.127294021875 0.470567821875
79_PNG.rf.b3021d90870e703eae2ac3ad39c040d6,VALID,,
7_PNG.rf.0f69c4e97f15b8aea01b89255a641289,VALID,,
7_PNG.rf.3fc5c3b4d161972f9ce6b3a10af77694,VALID,,
7_PNG.rf.b96c40c251ecb0d69db330ad2dd10f6c,VALID,,
7_PNG.rf.bb41adeb9d13d8e1d73b7c08ab18e249,VALID,,
80_jpg.rf.5143d25e23aa11129aaa9459d3b9198d,VALID,,
81_jpg.rf.57b8b294a07a9485564350e60ee50d4f,VALID,,
81_jpg.rf.b187921e26cb7ce9300331908562d3e2,VALID,,
81_PNG.rf.ae5dc74f6e0f0825da9e8c2a8c478926,MALFORMED,Invalid part count,2 0.020168853125 0.34228423281250003 0 0.7969602234375001 0.0850931390625 0.8992622328125 0.16949478125 0.9609682984375001 0.36426763906250004 0.9853259375000001 0.5882563484375 0.9983167281249999 0.7781599546875 0.9496014515625 0.946963 0.7417495484375001 0.9810483484375 0.405614115625 0.8544459421875 0.23023912968750002 0.59312571875 0.1344323890625 0.47301576718750005 0.176652365625 0.2344190671875 0.22861525 0.020168853125 0.34228423281250003
81_PNG.rf.d5bc68cdb5679962b7514eb7265dc34c,VALID,,
82_jpg.rf.bdfdc37695cf56709ccc7dce647995ce,VALID,,
82_PNG.rf.6ea8851a773b0c3ac1d33d3d923c3c0b,VALID,,
82_PNG.rf.cc0008330d8823f2ebc063ca0d36b6cd,MALFORMED,Invalid part count,2 0 0.8245654953124999 0.11106295156249998 0.8927669593750001 0.227926615625 0.9690875140624999 0.4892468390625 0.9901975171874999 0.73271290625 0.972335146875 0.8658076421875001 0.8943907765624999 0.9794251421875 0.719015728125 0.9648172765625 0.485182428125 0.7992603968750001 0.3601465359375 0.5184628171875 0.226991428125 0.3171975046875 0.2692113125 0.0282843890625 0.3633942328125 0 0.8245654953124999
83_jpg.rf.21ecf909db31f607ab7add0436281274,VALID,,
83_jpg.rf.cd6e72922e98ae93f774d6cc0578f2f7,VALID,,
83_PNG.rf.aba6e741c38b5c6136b2115b435e7d0e,VALID,,
84_jpg.rf.49a791bd9bc48ca97ecd8009635ba55b,VALID,,
84_PNG.rf.ce608230cd5fd18e2d5e8fb74470a335,VALID,,
85_PNG.rf.74dc1a6305155a372009fa99d3aabd94,MALFORMED,Invalid part count,2 0.28311228125 0.306559740625 0.1646254109375 0.3828802953125 0.0250382234375 0.5468884375 0.010430232812499999 0.7807217953125 0.026661303125 0.8895192015625 0.1354095578125 0.9625921156249999 0.6418189328125 0.9869497546874999 0.7570595140624999 0.9739590890625 0.8641846828125 0.902509990625 0.946963 0.7255111203125 0.9729328125000001 0.5874845 0.9388474640625001 0.49654927656250003 0.9096317328125 0.42185254531250005 0.8187376343749999 0.330917384375 0.7099895046875 0.2529728890625 0.6742810765625 0.19938609375 0.7505671828125 0.0321303171875 0.633703396875 0.0012773125 0.5704021921875 0.049992593749999995 0.494116209375 0.176652365625 0.43730745937500004 0.24160604062500002 0.28311228125 0.306559740625
86_jpg.rf.1eb0d57e4c937d6fbd2c6913a9afa9f7,VALID,,
86_jpg.rf.ade750691462dda13e32151ef24cf71f,VALID,,
86_PNG.rf.03170670b465387fb12f33351837fefb,MALFORMED,Invalid part count,2 0.2441576875 0.32604580312500003 0.11430911562499999 0.390999509375 0.0152996078125 0.5468884375 0.013676521875 0.793712459375 0.0250382234375 0.8976384156250001 0.0915855890625 0.9642159375 0.602864334375 0.9853259375000001 0.679150446875 0.9560967234375 0.7943910265625 0.9041338078125 0.9193702281249999 0.733630334375 0.9664404828125001 0.5274023125 0.976178978125 0.3633942328125 0.9453400406249999 0.2805782234375 0.7846522859375 0.22861525 0.792767821875 0 0.679150446875 0.0548641703125 0.6548038390625 0.1393039375 0.5428094234375 0.24810137031249999 0.395106696875 0.2935689515625 0.2441576875 0.32604580312500003
87_jpg.rf.ab2bb4c52e5b14e78b6ff470329b4018,VALID,,
87_PNG.rf.568004c899d0619bfe0b14b4b280a7f2,VALID,,
88_jpg.rf.27c53f9246f51ba4af207ab4462b1422,VALID,,
88_PNG.rf.61adce60fa4920da22f183ddc22d67d3,MALFORMED,Invalid part count,2 0.0250382234375 0.4689440046875 0 0.77585021875 0.0672389828125 0.883023803125 0.1500174234375 0.95447290625 0.297720271875 0.9788305453125 0.6093567906249999 0.9966927859375 0.7846522859375 0.9187484156249999 0.8382148703125001 0.8310608921875 0.9485862046875001 0.686538875 0.9729328125000001 0.5127877046875 0.9518323703125 0.39424720468749996 0.8463304062500001 0.291945134375 0.622341696875 0.24810137031249999 0.5801408125 0.2010099734375 0.5882563484375 0.049992593749999995 0.5054779109374999 0.0256349546875 0.463277146875 0.0889648078125 0.45516161093749996 0.1880192140625 0.36426763906250004 0.26271598281249997 0.2019569234375 0.3276696828125 0.0250382234375 0.4689440046875
88_PNG.rf.6a00cf2f6735dca2f7426f03ab027c17,VALID,,
89_jpg.rf.5b91f8b3c22d3c840f75ec44a19cc150,VALID,,
89_PNG.rf.117bf051ade40944f79df49e7bde8276,MALFORMED,Invalid part count,2 0.0753545171875 0.365018053125 0 0.6053467453125 0.02990759375 0.829437071875 0.0753545171875 0.9203722359375 0.440553625 0.9804543609374999 0.7960142328125 0.9950689687500001 0.8998929906249999 0.9447298749999999 0.946963 0.87490459375 0.9485862046875001 0.7255111203125 0.9550785359375 0.5712460765625 0.9550785359375 0.4592009109375 0.8836619203125 0.3845041734375 0.7700444203125001 0.3130550765625 0.7116124640625 0.282202103125 0.4876237546875 0.24810137031249999 0.440553625 0.129560875 0.4113377671875 0 0.34154411093750003 0.0759740796875 0.3512827328125 0.20750530781249998 0.323689959375 0.27570670937499997 0.26201183906250003 0.316302771875 0.0753545171875 0.365018053125
89_PNG.rf.b2ae8b49ed9174ff1184c4c5fbc7a2a1,VALID,,
8_PNG.rf.afe667a776fe6923cc7a856628f90005,VALID,,
8_PNG.rf.c0a2aa616f7525a56dfdc7e57b7ed189,VALID,,
8_PNG.rf.ef4157a821784176ce12bcd3e715d94e,VALID,,
90_PNG.rf.1597ecc218b197956b73c6f3375f564e,MALFORMED,Invalid part count,2 0.089962509375 0.5923561390625001 0.11106295156249998 0.762859553125 0.2457807671875 0.8992622328125 0.41296085312499997 0.95447290625 0.5200858968750001 0.9625921156249999 0.718105040625 0.965839875 0.8300993343749999 0.9496014515625 0.9356012984375001 0.8261893125 0.9615711109375 0.6897866968749999 0.9453400406249999 0.550136134375 0.8625614781250001 0.355275021875 0.748943978125 0.2432298578125 0.5574174109375 0.222119915625 0.4275688390625 0.2951928296875 0.41296085312499997 0.2951928296875 0.24253460312500003 0.4721916390625 0.089962509375 0.5923561390625001
91_PNG.rf.18b21e183d64df810055e318e04f185b,VALID,,
91_PNG.rf.94cfefc026d4da658327645136ed1722,MALFORMED,Invalid part count,2 0.0510079109375 0.4997969734375 0.0152996078125 0.7449971828125 0.039646214062500004 0.9090053843750001 0.1613792453125 0.9837021203124999 0.5947487984375 1 0.831722540625 0.9999405484375 0.9404706703124999 0.829437071875 0.956701740625 0.61671378125 0.8836619203125 0.3845041734375 0.5219155484375 0.1992694828125 0.30583580781249997 0.2610920984375 0.1321632671875 0.335788896875 0.0510079109375 0.4997969734375
92_jpg.rf.8c61c7d35355681e8f3fdcf6fb028bcd,VALID,,
92_PNG.rf.781087b6c94d554b9944638de112637b,VALID,,
93_jpg.rf.539d22ff263e5405220f381751d04f09,VALID,,
93_jpg.rf.7df76adc0bb954e41f91847d434bd23b,VALID,,
93_PNG.rf.78cc1126364d21b6581aa794157ec42d,MALFORMED,Invalid part count,2 0.22954969687500001 0.2773305265625 0.19708755312499998 0.35852265625 0.0737314375 0.4429624828125 0.013676521875 0.6037229281250001 0 0.832684709375 0.0088071515625 0.9853259375000001 0.8349687046875 1 0.9161240625 0.9447298749999999 0.9729328125000001 0.7222634859375 0.9842945140625 0.5306500093750001 0.9388474640625001 0.42185254531250005 0.8203608390625 0.2740828890625 0.7116124640625 0.23673445937499998 0.3285592046875 0.20263379062500003 0.2439122984375 0.057224026562499995 0.16949478125 0.0256349546875 0.1808564828125 0.123065509375 0.22954969687500001 0.2773305265625
94_PNG.rf.ee680c606a104bd552b8235cf9759fcf,MALFORMED,Invalid part count,2 0.1224246515625 0.5728698921875 0.076977603125 0.7011534828125 0.02990759375 0.8359324687499999 0.0152996078125 0.9690875140624999 0.1500174234375 0.9772067281249999 0.38049870937499997 0.9983167281249999 0.8008833578125 1 0.8463304062500001 0.9398582953125001 0.8641846828125 0.8602901078125 0.8787925484375 0.7677310046875 0.8690540531250001 0.619961353125 0.8723002187500001 0.467320125 0.8609385171874999 0.3926233890625 0.8560691468750001 0.265963678125 0.925862803125 0.0938363265625 0.8528229828124999 0.041873379687500004 0.774913790625 0.1393039375 0.615849240625 0.212376821875 0.32206687968750003 0.29844053125 0.2685042953125 0.3504034421875 0.172740946875 0.45108169687500005 0.1224246515625 0.5728698921875
96_jpg.rf.8b52cba8b0e1bc249f6dda5e431af911,VALID,,
96_PNG.rf.4fb4c127e71fe488810c3167a2d8f861,MALFORMED,Invalid part count,2 0.062369735937500004 0.10357944687500001 0.1191784859375 0.2578444640625 0.1078166609375 0.30006434843749996 0.038023129687500004 0.4039902984375 0.023415142187499998 0.5923561390625001 0.0055609859375000004 0.7579879734375 0.023415142187499998 0.89601459375 0.1630023296875 0.9837021203124999 0.81549146875 1 0.8820387140625 0.9625921156249999 0.925862803125 0.8781523531250001 0.976178978125 0.71576803125 0.9502094109374999 0.550136134375 0.9080085265625 0.4039902984375 0.8511997765625001 0.2773305265625 0.4421767046875 0.24972525 0.2068261734375 0.22049603593749997 0.122159053125 0.022727271875 0.13703263906250002 0.0093965265625 0.041269295312499996 0.024011103125 0.062369735937500004 0.10357944687500001
96_PNG.rf.9ec83adb5deca4312ae971eda5ebdc1a,VALID,,
97_jpg.rf.4862e2a25fa769e0cd0fbd3a55aeaecb,VALID,,
97_jpg.rf.e3e0ab6d5fb6727a717517f609944426,VALID,,
97_PNG.rf.803ef21c9339fe320797d82ebb3044b3,MALFORMED,Invalid part count,2 0.4584077765625 0 0.43893054062500003 0.046744896875000004 0.3886142453125 0.0954602359375 0.2506501390625 0.129560875 0.2084493796875 0.147423146875 0.0980780453125 0.256220584375 0.026661303125 0.3893756921875 0.042892374999999996 0.6102182593750001 0.062369735937500004 0.7271349421875 0.072108353125 0.7872171921875 0.089962509375 0.8813999859375 0.156509875 0.9869497546874999 0.8641846828125 0.9853259375000001 0.888531290625 0.93498684375 0.9404706703124999 0.8083270718750001 0.9696866468750001 0.6686766296875 0.976178978125 0.5225307953125 0.9664404828125001 0.3536511421875 0.8950236203124999 0.20263379062500003 0.7846522859375 0.1279370890625 0.576894646875 0.1052032359375 0.5947487984375 0 0.4584077765625 0
98_PNG.rf.798a88d2361dfa64ca2b53d1d4f62863,VALID,,
98_PNG.rf.a18364316fd66eecd28c806021764d12,MALFORMED,Invalid part count,2 0.0818469734375 0.3471558078125 0.023415142187499998 0.5793652859375 0.044515459375 0.7238873031249999 0.0915855890625 0.85541853125 0.24253460312500003 0.9690875140624999 0.7067433390625 1 0.8576921078125 0.9203722359375 0.9437168343750001 0.7417495484375001 0.9583249468749999 0.6654290578125 0.930731928125 0.5160354015624999 0.8901542499999999 0.415357146875 0.849576571875 0.3536511421875 0.7651750484375001 0.24972525 0.6872658578124999 0.20263379062500003 0.7505671828125 0.041873379687500004 0.602864334375 0.0142680453125 0.56228665625 0.0516164109375 0.49736237499999997 0.1880192140625 0.4291919234375 0.2107530046875 0.323689959375 0.24972525 0.0818469734375 0.3471558078125
99_jpg.rf.b7905c0b875141b5f086c9dcdeb75535,VALID,,
99_PNG.rf.f75c4f43b1d393024c7f3ee6ff02efe9,VALID,,
9_PNG.rf.3f0421f4cf7aabd90b1470fd0e333817,VALID,,
9_PNG.rf.69a370b10c23ed3cf58463ba47adeb3d,VALID,,
9_PNG.rf.8ba33d1ad554cf1282a62fe875eee834,VALID,,
9_PNG.rf.f26810f1d934120a5c6ee5991783051e,MALFORMED,Invalid part count,2 0.12080156718749999 0.441338665625 0.19708755312499998 0.4933016421875 0.2457807671875 0.613465959375 0.273373665625 0.8115748296874999 0.38699116093749997 0.9366106609375 0.5736484828124999 0.9593444828125 0.786275490625 0.928491446875 0.8836619203125 0.8700331390624999 0.9583249468749999 0.6914103890625001 0.9745560171875001 0.395871084375 0.9437168343750001 0.2383583390625 0.8479536109374999 0.1149462953125 0.6580500046875 0.017515740625 0.5135934468750001 0.020763406249999998 0.33829795156250003 0.16853315156249998 0.260388759375 0.23023912968750002 0.1678717015625 0.3341650171875 0.12080156718749999 0.441338665625
