Stem,Status,Description
243_jpg.rf.c51644e5c23db274f10a675470c756cf,MALFORMED,Invalid part count
244_jpg.rf.e63a713d07e335555ccf42c59ce73d22,MALFORMED,Invalid part count
245_jpg.rf.f3ac1303b68adce5586bbd58adad23bc,MALFORMED,Invalid part count
246_jpg.rf.273f2f224e2824f59432a79b13cd9f92,MALFORMED,Invalid part count
248_jpg.rf.6d34c4cbd9100a8db88b5962d53aacdf,MALFORMED,Invalid part count
249_jpg.rf.fbf87931b64a7d58152e4c19715f20e9,MALFORMED,Invalid part count
250_jpg.rf.7bdc54ab08f23e3a3ce59a7d17869d0c,MALFORMED,Invalid part count
25_PNG.rf.9460633c6f51aa149b3c337056a4d922,MALFORMED,Invalid part count
26_PNG.rf.17fb8a152ca52bec4cf77f38385a71da,MALFORMED,Invalid part count
29_PNG.rf.6588adf08b9488a57deedbca47813b12,MALFORMED,Invalid part count
30_PNG.rf.e6acc8e738c6b0ec8cf91a04429373fc,MALFORMED,Invalid part count
31_PNG.rf.2803b395cafd95ffebe85d1a0c742fea,MALFORMED,Invalid part count
32_PNG.rf.b76ee02fa8fdf90c01da483dda6ade7b,MALFORMED,Invalid part count
33_PNG.rf.dc50b63513d7797bc215e102251f2e2b,MALFORMED,Invalid part count
34_PNG.rf.10266174676bc1b1a0ddede52f6326e4,MALFORMED,Invalid part count
35_PNG.rf.97135005331bb3c2853c44c9de58e2dc,MALFORMED,Invalid part count
36_PNG.rf.7ac293ba6e89119227fc3987670ce503,MALFORMED,Invalid part count
37_PNG.rf.c0cb3ad5c67dc80f0924a0f0876feebb,MALFORMED,Invalid part count
39_PNG.rf.8dc5e7cefdafadb69f2fe1f450e03e99,MALFORMED,Invalid part count
40_PNG.rf.8b841f962659f5caa32ab13d53786b23,MALFORMED,Invalid part count
41_PNG.rf.47a5570ca4932da7cfcdc5b7646f4241,MALFORMED,Invalid part count
42_PNG.rf.f3d65d1682b989e21fc86c0442a901d2,MALFORMED,Invalid part count
43_PNG.rf.3c2b1d2cb3451649dae0948f6ffb9391,MALFORMED,Invalid part count
46_PNG.rf.20e41766ed1bc3545b7f42d1f91374ed,MALFORMED,Invalid part count
47_PNG.rf.766c9deb6211634b346daf6c4ee3fb2f,MALFORMED,Invalid part count
49_PNG.rf.4d08fc93ad388f3c3281fbcb4a74420f,MALFORMED,Invalid part count
50_PNG.rf.ce7d96242405b04535f14a7d638802d4,MALFORMED,Invalid part count
51_PNG.rf.81bcef846ea7157bf8c7f99f05f4b7bc,MALFORMED,Invalid part count
52_PNG.rf.5ac22f7a26688b85d252b7f8762e4986,MALFORMED,Invalid part count
53_PNG.rf.43a08a878891a06ee0e0f60543c861b2,MALFORMED,Invalid part count
54_PNG.rf.11770a805df1a6e747ea5bb376c71447,MALFORMED,Invalid part count
55_PNG.rf.12aa66c4a7c098a5d62ff234b82ac8e4,MALFORMED,Invalid part count
56_PNG.rf.155578c0a2f36e5553ddc6817aefc065,MALFORMED,Invalid part count
57_PNG.rf.02c1c647d5f16dba037437a4db9b61d1,MALFORMED,Invalid part count
58_PNG.rf.f042cdb9cc9b5b3b51a55d1774697583,MALFORMED,Invalid part count
59_PNG.rf.83d88d96bf94c138bc4adfee6bce150b,MALFORMED,Invalid part count
5_PNG.rf.71bdbe391d3e71c4b7372cc26c6ae397,MALFORMED,Invalid part count
60_PNG.rf.e84eee39b77cbe3a7e00512dcefae4e4,MALFORMED,Invalid part count
61_PNG.rf.4637d77d8126d7a9c591e2226d926971,MALFORMED,Invalid part count
62_PNG.rf.9504123b15d9333f0a8711fd1adf6c0f,MALFORMED,Invalid part count
63_PNG.rf.9e0a9b61eef2de6f30c32f93401e1139,MALFORMED,Invalid part count
64_PNG.rf.cf459f2c289371bfe0d4b51374320482,MALFORMED,Invalid part count
65_PNG.rf.5679fa852eea369363298c855958fee4,MALFORMED,Invalid part count
67_PNG.rf.e40420041f2ba1b180fd6a28611b3600,MALFORMED,Invalid part count
68_PNG.rf.7c3a842295c50d62cc750c602eca2a70,MALFORMED,Invalid part count
6_PNG.rf.cb810c1732da7e5a555547668b78e09d,MALFORMED,Invalid part count
70_PNG.rf.31ac7b9746e53a7a7836934e159b6be9,MALFORMED,Invalid part count
75_PNG.rf.7ee0a3b109cdc931b88d4639b7976371,MALFORMED,Invalid part count
76_PNG.rf.dc04bddb4be1d0d59d8f352c349cb117,MALFORMED,Invalid part count
77_PNG.rf.559bbff6ae99b3e499ed91bdd114e42a,MALFORMED,Invalid part count
78_PNG.rf.055c9235c96ef3c154d8b4947673b9e7,MALFORMED,Invalid part count
79_PNG.rf.07860b98bc66109f6b345be66f9af751,MALFORMED,Invalid part count
81_PNG.rf.ae5dc74f6e0f0825da9e8c2a8c478926,MALFORMED,Invalid part count
82_PNG.rf.cc0008330d8823f2ebc063ca0d36b6cd,MALFORMED,Invalid part count
85_PNG.rf.74dc1a6305155a372009fa99d3aabd94,MALFORMED,Invalid part count
86_PNG.rf.03170670b465387fb12f33351837fefb,MALFORMED,Invalid part count
88_PNG.rf.61adce60fa4920da22f183ddc22d67d3,MALFORMED,Invalid part count
89_PNG.rf.117bf051ade40944f79df49e7bde8276,MALFORMED,Invalid part count
90_PNG.rf.1597ecc218b197956b73c6f3375f564e,MALFORMED,Invalid part count
91_PNG.rf.94cfefc026d4da658327645136ed1722,MALFORMED,Invalid part count
93_PNG.rf.78cc1126364d21b6581aa794157ec42d,MALFORMED,Invalid part count
94_PNG.rf.ee680c606a104bd552b8235cf9759fcf,MALFORMED,Invalid part count
96_PNG.rf.4fb4c127e71fe488810c3167a2d8f861,MALFORMED,Invalid part count
97_PNG.rf.803ef21c9339fe320797d82ebb3044b3,MALFORMED,Invalid part count
98_PNG.rf.a18364316fd66eecd28c806021764d12,MALFORMED,Invalid part count
9_PNG.rf.f26810f1d934120a5c6ee5991783051e,MALFORMED,Invalid part count
